"STATION","DATE","LATITUDE","LONGITUDE","ELEVATION","NAME","TEMP","TEMP_ATTRIBUTES","DEWP","DEWP_ATTRIBUTES","SLP","SLP_ATTRIBUTES","STP","STP_ATTRIBUTES","VISIB","VISIB_ATTRIBUTES","WDSP","WDSP_ATTRIBUTES","MXSPD","GUST","MAX","MAX_ATTRIBUTES","MIN","MIN_ATTRIBUTES","PRCP","PRCP_ATTRIBUTES","SNDP","FRSHTT"
"96745099999","2016-01-01","-6.1833333","106.8333333","8.0","JAKARTA OBSERVATORY, ID","  82.6"," 8","  74.9"," 8","1012.1"," 8","011.6"," 8","  4.1"," 8","  3.3"," 8","  7.0","999.9","  88.5"," ","  77.0"," "," 0.00","I","999.9","000000"
"96745099999","2016-01-02","-6.1833333","106.8333333","8.0","JAKARTA OBSERVATORY, ID","  81.4"," 7","  75.8"," 7","1012.8"," 7","012.3"," 7","  3.9"," 7","  3.2"," 7"," 11.1","999.9","  87.8"," ","  77.4","*"," 0.60","B","999.9","010010"
"96745099999","2016-01-03","-6.1833333","106.8333333","8.0","JAKARTA OBSERVATORY, ID","  84.2"," 8","  75.7"," 8","1012.5"," 8","012.0"," 8","  4.3"," 8","  3.6"," 8","  8.0","999.9","  90.7"," ","  74.1"," "," 0.00","I","999.9","000000"
"96745099999","2016-01-04","-6.1833333","106.8333333","8.0","JAKARTA OBSERVATORY, ID","  84.5"," 8","  77.1"," 8","1012.5"," 8","012.0"," 8","  4.1"," 8","  3.3"," 8","  7.0","999.9","  88.9"," ","  78.8"," "," 0.00","I","999.9","000000"
"96745099999","2016-01-05","-6.1833333","106.8333333","8.0","JAKARTA OBSERVATORY, ID","  83.2"," 8","  75.6"," 8","1012.1"," 8","011.6"," 8","  4.0"," 8","  2.3"," 8","  9.9","999.9","  89.2"," ","  79.2","*"," 0.47","A","999.9","000010"
"96745099999","2016-01-06","-6.1833333","106.8333333","8.0","JAKARTA OBSERVATORY, ID","  84.0"," 7","  75.0"," 7","1012.7"," 7","012.2"," 7","  4.3"," 7","  2.3"," 7","  5.1","999.9","  90.3","*","  78.8"," "," 0.01","A","999.9","000000"
"96745099999","2016-01-07","-6.1833333","106.8333333","8.0","JAKARTA OBSERVATORY, ID","  86.3"," 8","  76.4"," 8","1012.5"," 8","012.0"," 8","  4.3"," 8","  3.9"," 8","  7.0","999.9","  93.2"," ","  79.3"," "," 0.00","I","999.9","000000"
"96745099999","2016-01-08","-6.1833333","106.8333333","8.0","JAKARTA OBSERVATORY, ID","  85.7"," 8","  75.9"," 8","1011.6"," 8","011.1"," 8","  4.3"," 8","  3.0"," 8","  6.0","999.9","  90.9"," ","  81.7"," "," 0.00","I","999.9","000000"
"96745099999","2016-01-09","-6.1833333","106.8333333","8.0","JAKARTA OBSERVATORY, ID","  84.7"," 8","  76.0"," 8","1011.3"," 8","010.8"," 8","  4.2"," 8","  4.2"," 8"," 14.0","999.9","  89.2"," ","  78.8"," "," 0.00","I","999.9","000000"
"96745099999","2016-01-10","-6.1833333","106.8333333","8.0","JAKARTA OBSERVATORY, ID","  85.1"," 8","  75.4"," 8","1011.8"," 8","011.3"," 8","  4.2"," 8","  2.7"," 8","  8.9","999.9","  90.3"," ","  80.2"," "," 0.00","I","999.9","000000"
"96745099999","2016-01-11","-6.1833333","106.8333333","8.0","JAKARTA OBSERVATORY, ID","  85.6"," 8","  75.7"," 7","1011.3"," 7","010.8"," 7","  4.3"," 8","  2.4"," 8","  8.0","999.9","  90.3"," ","  81.0"," "," 0.00","I","999.9","000000"
"96745099999","2016-01-12","-6.1833333","106.8333333","8.0","JAKARTA OBSERVATORY, ID","  83.3"," 8","  76.3"," 8","1010.6"," 8","010.1"," 8","  4.0"," 8","  2.0"," 8","  8.0","999.9","  88.2"," ","  80.2","*"," 0.20","C","999.9","010000"
"96745099999","2016-01-13","-6.1833333","106.8333333","8.0","JAKARTA OBSERVATORY, ID","  83.3"," 8","  75.6"," 8","1010.3"," 8","009.8"," 8","  4.1"," 8","  3.2"," 8","  5.1","999.9","  90.3"," ","  77.0"," "," 0.04","A","999.9","010010"
"96745099999","2016-01-14","-6.1833333","106.8333333","8.0","JAKARTA OBSERVATORY, ID","  85.4"," 7","  76.4"," 7","1009.8"," 7","009.3"," 7","  4.3"," 7","  2.7"," 7","  8.9","999.9","  89.6","*","  79.5"," "," 0.00","I","999.9","000000"
"96745099999","2016-01-15","-6.1833333","106.8333333","8.0","JAKARTA OBSERVATORY, ID","  85.1"," 8","  76.7"," 8","1009.4"," 8","008.9"," 8","  4.2"," 8","  2.6"," 8","  7.0","999.9","  88.5"," ","  79.5"," "," 0.01","A","999.9","010000"
"96745099999","2016-01-16","-6.1833333","106.8333333","8.0","JAKARTA OBSERVATORY, ID","  85.0"," 8","  76.1"," 8","1009.4"," 8","008.9"," 8","  4.0"," 8","  1.2"," 8","  4.1","999.9","  89.2"," ","  80.2"," "," 0.00","I","999.9","000000"
"96745099999","2016-01-17","-6.1833333","106.8333333","8.0","JAKARTA OBSERVATORY, ID","  84.8"," 8","  75.3"," 8","1009.1"," 8","008.6"," 8","  3.9"," 8","  2.8"," 8","  6.0","999.9","  91.0"," ","  78.8"," "," 0.00","I","999.9","000000"
"96745099999","2016-01-18","-6.1833333","106.8333333","8.0","JAKARTA OBSERVATORY, ID","  84.7"," 8","  74.5"," 8","1009.2"," 8","008.7"," 8","  4.1"," 8","  2.6"," 8","  7.0","999.9","  90.3"," ","  81.0"," "," 0.00","I","999.9","000000"
"96745099999","2016-01-19","-6.1833333","106.8333333","8.0","JAKARTA OBSERVATORY, ID","  83.5"," 8","  75.3"," 8","1010.3"," 8","009.8"," 8","  4.0"," 8","  3.3"," 8","  7.0","999.9","  90.0","*","  79.2","*","99.99"," ","999.9","010000"
"96745099999","2016-01-20","-6.1833333","106.8333333","8.0","JAKARTA OBSERVATORY, ID","  80.9"," 8","  75.3"," 7","1011.2"," 8","010.7"," 8","  4.0"," 8","  3.0"," 8","  6.0","999.9","  88.5"," ","  74.3","*"," 0.01","B","999.9","010000"
"96745099999","2016-01-21","-6.1833333","106.8333333","8.0","JAKARTA OBSERVATORY, ID","  83.2"," 8","  76.9"," 8","1010.8"," 8","010.3"," 8","  3.8"," 8","  1.7"," 8","  5.1","999.9","  85.3"," ","  78.8"," "," 0.03","A","999.9","010000"
"96745099999","2016-01-22","-6.1833333","106.8333333","8.0","JAKARTA OBSERVATORY, ID","  83.0"," 8","  76.7"," 8","1010.5"," 8","010.0"," 8","  3.8"," 8","  2.6"," 8","  8.0","999.9","  88.5"," ","  77.0","*"," 0.17","B","999.9","010010"
"96745099999","2016-01-23","-6.1833333","106.8333333","8.0","JAKARTA OBSERVATORY, ID","  79.8"," 8","  75.5"," 8","1011.6"," 8","011.1"," 8","  3.9"," 8","  1.8"," 8","  6.0","999.9","  84.6"," ","  77.2"," "," 0.43","B","999.9","010000"
"96745099999","2016-01-24","-6.1833333","106.8333333","8.0","JAKARTA OBSERVATORY, ID","  80.7"," 8","  75.5"," 8","1012.7"," 8","012.2"," 8","  3.9"," 8","  3.1"," 8"," 12.0","999.9","  87.1"," ","  75.9","*"," 0.98","B","999.9","010010"
"96745099999","2016-01-25","-6.1833333","106.8333333","8.0","JAKARTA OBSERVATORY, ID","  78.6"," 8","  76.1"," 8","1012.3"," 8","011.8"," 8","  3.7"," 8","  0.8"," 8","  6.0","999.9","  82.0"," ","  75.2"," "," 0.26","C","999.9","010000"
"96745099999","2016-01-26","-6.1833333","106.8333333","8.0","JAKARTA OBSERVATORY, ID","  83.1"," 8","  76.6"," 8","1011.6"," 8","011.1"," 8","  4.1"," 8","  2.5"," 8","  6.0","999.9","  87.4"," ","  76.6"," ","99.99"," ","999.9","010000"
"96745099999","2016-01-27","-6.1833333","106.8333333","8.0","JAKARTA OBSERVATORY, ID","  83.7"," 8","  76.9"," 8","1010.1"," 8","009.7"," 8","  4.1"," 8","  3.1"," 8","  8.0","999.9","  90.0"," ","  78.1"," ","99.99"," ","999.9","010000"
"96745099999","2016-01-28","-6.1833333","106.8333333","8.0","JAKARTA OBSERVATORY, ID","  84.2"," 8","  76.4"," 8","1010.2"," 8","009.7"," 8","  4.0"," 8","  3.6"," 8"," 11.1","999.9","  89.2"," ","  79.5"," "," 0.00","I","999.9","000000"
"96745099999","2016-01-29","-6.1833333","106.8333333","8.0","JAKARTA OBSERVATORY, ID","  84.8"," 8","  76.1"," 8","1010.0"," 8","009.5"," 8","  4.3"," 8","  3.4"," 8","  8.0","999.9","  89.2","*","  79.9"," ","99.99"," ","999.9","010000"
"96745099999","2016-01-30","-6.1833333","106.8333333","8.0","JAKARTA OBSERVATORY, ID","  84.0"," 8","  76.7"," 8","1009.4"," 8","009.0"," 8","  3.9"," 8","  3.4"," 8","  8.9","999.9","  88.9"," ","  80.6"," "," 0.00","H","999.9","010000"
"96745099999","2016-01-31","-6.1833333","106.8333333","8.0","JAKARTA OBSERVATORY, ID","  82.2"," 8","  75.3"," 8","1009.3"," 8","008.8"," 8","  4.2"," 8","  3.3"," 8","  7.0","999.9","  87.4"," ","  78.1","*"," 0.28","A","999.9","000010"
"96745099999","2016-02-01","-6.1833333","106.8333333","8.0","JAKARTA OBSERVATORY, ID","  81.3"," 8","  76.5"," 8","1009.2"," 8","008.7"," 8","  3.7"," 8","  2.4"," 8","  7.0","999.9","  86.4"," ","  77.0"," "," 2.56","D","999.9","010010"
"96745099999","2016-02-02","-6.1833333","106.8333333","8.0","JAKARTA OBSERVATORY, ID","  81.9"," 8","  75.5"," 8","1009.7"," 8","009.2"," 8","  4.0"," 8","  3.4"," 8","  8.0","999.9","  87.1"," ","  77.0"," "," 0.08","A","999.9","010000"
"96745099999","2016-02-03","-6.1833333","106.8333333","8.0","JAKARTA OBSERVATORY, ID","  84.1"," 8","  74.3"," 8","1009.3"," 8","008.9"," 8","  4.0"," 8","  3.8"," 8","  8.9","999.9","  89.2"," ","  78.1"," "," 0.00","B","999.9","010000"
"96745099999","2016-02-04","-6.1833333","106.8333333","8.0","JAKARTA OBSERVATORY, ID","  83.1"," 8","  76.5"," 8","1008.8"," 8","008.4"," 8","  4.0"," 8","  1.1"," 8","  2.9","999.9","  87.4"," ","  79.5"," "," 0.02","C","999.9","010000"
"96745099999","2016-02-05","-6.1833333","106.8333333","8.0","JAKARTA OBSERVATORY, ID","  83.8"," 8","  76.1"," 8","1008.4"," 8","007.9"," 8","  4.0"," 8","  2.0"," 8","  6.0","999.9","  88.5"," ","  80.1"," "," 0.12","A","999.9","000000"
"96745099999","2016-02-06","-6.1833333","106.8333333","8.0","JAKARTA OBSERVATORY, ID","  83.6"," 8","  77.7"," 8","1008.2"," 8","007.7"," 8","  4.3"," 8","  2.3"," 8","  6.0","999.9","  90.0"," ","  80.2"," "," 0.20","A","999.9","010010"
"96745099999","2016-02-07","-6.1833333","106.8333333","8.0","JAKARTA OBSERVATORY, ID","  82.9"," 8","  76.7"," 8","1009.6"," 8","009.1"," 8","  4.0"," 8","  3.4"," 8","  9.9","999.9","  88.9"," ","  80.1"," "," 0.16","A","999.9","000010"
"96745099999","2016-02-08","-6.1833333","106.8333333","8.0","JAKARTA OBSERVATORY, ID","  81.0"," 8","  75.7"," 8","1009.8"," 8","009.4"," 8","  3.9"," 8","  3.6"," 8","  9.9","999.9","  87.6"," ","  77.0","*"," 0.47","B","999.9","010010"
"96745099999","2016-02-09","-6.1833333","106.8333333","8.0","JAKARTA OBSERVATORY, ID","  79.9"," 8","  75.9"," 8","1009.6"," 8","009.1"," 8","  3.9"," 8","  3.0"," 8","  8.0","999.9","  88.5"," ","  77.0"," "," 2.05","D","999.9","010000"
"96745099999","2016-02-10","-6.1833333","106.8333333","8.0","JAKARTA OBSERVATORY, ID","  81.4"," 8","  75.4"," 8","1009.8"," 8","009.2"," 8","  4.1"," 8","  2.3"," 8","  6.0","999.9","  85.6"," ","  77.7"," "," 0.00","I","999.9","000000"
"96745099999","2016-02-11","-6.1833333","106.8333333","8.0","JAKARTA OBSERVATORY, ID","  80.8"," 8","  75.2"," 8","1010.1"," 8","009.6"," 8","  3.9"," 8","  1.0"," 8","  4.1","999.9","  87.1"," ","  77.4","*"," 0.51","A","999.9","010000"
"96745099999","2016-02-12","-6.1833333","106.8333333","8.0","JAKARTA OBSERVATORY, ID","  79.1"," 8","  75.4"," 8","1010.6"," 8","010.1"," 8","  3.7"," 8","  1.3"," 8","  6.0","999.9","  86.4"," ","  77.0","*"," 0.46","B","999.9","010010"
"96745099999","2016-02-13","-6.1833333","106.8333333","8.0","JAKARTA OBSERVATORY, ID","  82.8"," 8","  75.0"," 8","1011.0"," 8","010.5"," 8","  4.1"," 8","  2.4"," 8","  7.0","999.9","  88.9"," ","  77.0"," "," 0.00","B","999.9","010000"
"96745099999","2016-02-14","-6.1833333","106.8333333","8.0","JAKARTA OBSERVATORY, ID","  81.2"," 8","  75.3"," 8","1010.9"," 8","010.4"," 8","  4.1"," 8","  2.8"," 8","  5.1","999.9","  89.6"," ","  77.4"," "," 0.20","B","999.9","010010"
"96745099999","2016-02-15","-6.1833333","106.8333333","8.0","JAKARTA OBSERVATORY, ID","  83.4"," 6","  76.3"," 6","1010.6"," 6","010.1"," 6","  4.1"," 6","  3.2"," 6","  7.0","999.9","  87.8","*","  77.0"," "," 0.00","I","999.9","000000"
"96745099999","2016-02-16","-6.1833333","106.8333333","8.0","JAKARTA OBSERVATORY, ID","  82.1"," 8","  75.5"," 8","1012.3"," 8","011.8"," 8","  3.9"," 8","  3.1"," 8","  8.0","999.9","  85.6"," ","  77.7","*","99.99"," ","999.9","010010"
"96745099999","2016-02-17","-6.1833333","106.8333333","8.0","JAKARTA OBSERVATORY, ID","  81.5"," 8","  75.1"," 8","1012.8"," 8","012.2"," 8","  3.9"," 8","  2.6"," 8","  8.0","999.9","  85.3","*","  75.2"," "," 0.02","A","999.9","010000"
"96745099999","2016-02-18","-6.1833333","106.8333333","8.0","JAKARTA OBSERVATORY, ID","  83.6"," 6","  75.1"," 6","1011.5"," 6","011.0"," 6","  4.5"," 6","  3.4"," 6","  6.0","999.9","  87.1","*","  77.0"," "," 0.00","I","999.9","000000"
"96745099999","2016-02-19","-6.1833333","106.8333333","8.0","JAKARTA OBSERVATORY, ID","  83.4"," 8","  76.1"," 8","1010.8"," 8","010.3"," 8","  4.0"," 8","  1.6"," 8","  6.0","999.9","  86.4"," ","  79.2"," "," 0.01","A","999.9","010000"
"96745099999","2016-02-20","-6.1833333","106.8333333","8.0","JAKARTA OBSERVATORY, ID","  83.0"," 8","  76.2"," 8","1011.8"," 8","011.3"," 8","  4.0"," 8","  1.6"," 8","  6.0","999.9","  86.7"," ","  79.5"," "," 0.00","I","999.9","000000"
"96745099999","2016-02-21","-6.1833333","106.8333333","8.0","JAKARTA OBSERVATORY, ID","  83.5"," 8","  75.7"," 8","1012.7"," 8","012.0"," 7","  4.0"," 8","  2.3"," 8","  7.0","999.9","  88.5"," ","  78.8"," "," 0.04","A","999.9","000000"
"96745099999","2016-02-22","-6.1833333","106.8333333","8.0","JAKARTA OBSERVATORY, ID","  83.8"," 8","  76.0"," 8","1012.7"," 8","012.2"," 8","  4.0"," 8","  4.0"," 8","  8.0","999.9","  87.8"," ","  80.2"," "," 0.00","A","999.9","000000"
"96745099999","2016-02-23","-6.1833333","106.8333333","8.0","JAKARTA OBSERVATORY, ID","  83.8"," 8","  75.0"," 8","1011.4"," 8","010.9"," 8","  4.0"," 8","  3.4"," 8","  7.0","999.9","  88.5"," ","  78.8"," "," 0.00","I","999.9","000000"
"96745099999","2016-02-24","-6.1833333","106.8333333","8.0","JAKARTA OBSERVATORY, ID","  82.0"," 8","  75.9"," 8","1011.5"," 8","011.0"," 8","  3.3"," 8","  4.2"," 8","  7.0","999.9","  86.7"," ","  75.9","*"," 2.87","C","999.9","010010"
"96745099999","2016-02-25","-6.1833333","106.8333333","8.0","JAKARTA OBSERVATORY, ID","  80.5"," 7","  76.2"," 7","1012.9"," 7","012.4"," 7","  3.4"," 7","  3.9"," 7","  8.0","999.9","  86.4"," ","  75.6"," "," 1.14","A","999.9","010010"
"96745099999","2016-02-26","-6.1833333","106.8333333","8.0","JAKARTA OBSERVATORY, ID","  81.0"," 8","  75.1"," 8","1012.6"," 8","012.1"," 8","  4.0"," 8","  2.4"," 8","  5.1","999.9","  85.6"," ","  75.9"," "," 0.12","A","999.9","010000"
"96745099999","2016-02-27","-6.1833333","106.8333333","8.0","JAKARTA OBSERVATORY, ID","  82.9"," 8","  75.1"," 8","1012.2"," 8","011.7"," 8","  3.9"," 8","  2.9"," 8","  5.1","999.9","  87.4"," ","  76.3","*","99.99"," ","999.9","010000"
"96745099999","2016-02-28","-6.1833333","106.8333333","8.0","JAKARTA OBSERVATORY, ID","  80.1"," 8","  76.8"," 8","1012.9"," 8","012.4"," 8","  4.0"," 8","  0.9"," 8","  4.1","999.9","  83.8"," ","  76.3"," "," 0.27","C","999.9","010000"
"96745099999","2016-02-29","-6.1833333","106.8333333","8.0","JAKARTA OBSERVATORY, ID","  79.9"," 8","  75.9"," 8","1012.7"," 8","012.2"," 8","  3.6"," 8","  3.5"," 8","  9.9","999.9","  86.7"," ","  75.9","*"," 0.87","B","999.9","010000"
"96745099999","2016-03-01","-6.1833333","106.8333333","8.0","JAKARTA OBSERVATORY, ID","  81.5"," 8","  75.5"," 8","1011.4"," 8","011.0"," 8","  4.0"," 8","  3.2"," 8","  7.0","999.9","  85.3"," ","  75.9"," "," 0.16","B","999.9","010000"
"96745099999","2016-03-02","-6.1833333","106.8333333","8.0","JAKARTA OBSERVATORY, ID","  81.6"," 8","  76.1"," 8","1012.5"," 8","012.0"," 8","  3.8"," 8","  1.5"," 8","  6.0","999.9","  86.7"," ","  75.9"," "," 0.24","B","999.9","010000"
"96745099999","2016-03-03","-6.1833333","106.8333333","8.0","JAKARTA OBSERVATORY, ID","  83.9"," 8","  75.9"," 8","1012.2"," 8","011.7"," 8","  4.0"," 8","  2.6"," 8"," 11.1","999.9","  88.5"," ","  77.7"," ","99.99"," ","999.9","010010"
"96745099999","2016-03-04","-6.1833333","106.8333333","8.0","JAKARTA OBSERVATORY, ID","  82.8"," 8","  76.6"," 8","1011.2"," 8","010.7"," 8","  4.0"," 8","  3.6"," 8","  9.9","999.9","  87.1"," ","  78.1","*"," 0.04","A","999.9","010000"
"96745099999","2016-03-05","-6.1833333","106.8333333","8.0","JAKARTA OBSERVATORY, ID","  83.2"," 8","  76.8"," 8","1010.7"," 8","010.2"," 8","  4.1"," 8","  2.5"," 8","  6.0","999.9","  86.7"," ","  77.0"," ","99.99"," ","999.9","010010"
"96745099999","2016-03-06","-6.1833333","106.8333333","8.0","JAKARTA OBSERVATORY, ID","  82.3"," 8","  75.4"," 8","1010.5"," 8","010.0"," 8","  4.1"," 8","  3.6"," 8","  7.0","999.9","  89.2"," ","  77.7"," "," 0.47","B","999.9","010000"
"96745099999","2016-03-07","-6.1833333","106.8333333","8.0","JAKARTA OBSERVATORY, ID","  84.8"," 8","  77.6"," 8","1009.9"," 8","009.4"," 8","  4.3"," 8","  3.0"," 8","  7.0","999.9","  89.6"," ","  77.7"," "," 0.00","I","999.9","000000"
"96745099999","2016-03-08","-6.1833333","106.8333333","8.0","JAKARTA OBSERVATORY, ID","  84.1"," 8","  76.1"," 8","1009.3"," 8","008.9"," 8","  4.0"," 8","  3.1"," 8","  8.0","999.9","  90.3"," ","  78.8"," "," 0.00","I","999.9","000000"
"96745099999","2016-03-09","-6.1833333","106.8333333","8.0","JAKARTA OBSERVATORY, ID","  84.2"," 8","  76.1"," 8","1009.9"," 8","009.5"," 8","  4.3"," 8","  2.4"," 8","  7.0","999.9","  91.4"," ","  78.8","*"," 0.02","A","999.9","000000"
"96745099999","2016-03-10","-6.1833333","106.8333333","8.0","JAKARTA OBSERVATORY, ID","  84.6"," 8","  77.3"," 8","1010.6"," 8","010.1"," 8","  4.0"," 8","  3.4"," 8"," 12.0","999.9","  89.2","*","  78.8"," "," 0.04","A","999.9","010000"
"96745099999","2016-03-11","-6.1833333","106.8333333","8.0","JAKARTA OBSERVATORY, ID","  84.1"," 8","  76.0"," 8","1010.8"," 8","010.3"," 8","  4.2"," 8","  2.9"," 8","  8.0","999.9","  90.0"," ","  79.5"," "," 0.00","I","999.9","000000"
"96745099999","2016-03-12","-6.1833333","106.8333333","8.0","JAKARTA OBSERVATORY, ID","  84.6"," 8","  75.4"," 8","1010.7"," 8","010.2"," 8","  4.1"," 8","  1.5"," 8","  4.1","999.9","  89.6"," ","  77.0"," "," 0.04","A","999.9","000000"
"96745099999","2016-03-13","-6.1833333","106.8333333","8.0","JAKARTA OBSERVATORY, ID","  85.1"," 8","  76.3"," 8","1011.0"," 8","010.5"," 8","  4.3"," 8","  1.4"," 8","  6.0","999.9","  90.3"," ","  79.9"," "," 0.00","I","999.9","000000"
"96745099999","2016-03-14","-6.1833333","106.8333333","8.0","JAKARTA OBSERVATORY, ID","  83.8"," 8","  76.4"," 8","1011.0"," 8","010.5"," 8","  4.2"," 8","  3.1"," 8","  7.0","999.9","  89.2"," ","  79.9","*"," 0.12","A","999.9","010000"
"96745099999","2016-03-15","-6.1833333","106.8333333","8.0","JAKARTA OBSERVATORY, ID","  81.7"," 8","  76.3"," 8","1010.4"," 8","009.9"," 8","  4.0"," 8","  1.1"," 8","  6.0","999.9","  90.7"," ","  78.8"," "," 1.57","A","999.9","010010"
"96745099999","2016-03-16","-6.1833333","106.8333333","8.0","JAKARTA OBSERVATORY, ID","  84.5"," 8","  77.2"," 8","1010.0"," 8","009.5"," 8","  4.2"," 8","  2.0"," 8","  5.1","999.9","  90.0"," ","  78.8"," "," 0.20","A","999.9","000000"
"96745099999","2016-03-17","-6.1833333","106.8333333","8.0","JAKARTA OBSERVATORY, ID","  84.8"," 8","  77.2"," 8","1009.9"," 8","009.4"," 8","  4.2"," 8","  3.1"," 8","  7.0","999.9","  91.0"," ","  79.2"," "," 0.43","A","999.9","010000"
"96745099999","2016-03-18","-6.1833333","106.8333333","8.0","JAKARTA OBSERVATORY, ID","  82.9"," 8","  75.7"," 8","1009.9"," 8","009.4"," 8","  4.0"," 8","  1.1"," 8","  2.9","999.9","  86.7"," ","  78.8"," "," 0.00","I","999.9","000000"
"96745099999","2016-03-19","-6.1833333","106.8333333","8.0","JAKARTA OBSERVATORY, ID","  84.5"," 8","  78.3"," 8","1009.4"," 8","008.9"," 8","  4.0"," 8","  3.0"," 8","  9.9","999.9","  90.3"," ","  78.8","*","99.99"," ","999.9","010010"
"96745099999","2016-03-20","-6.1833333","106.8333333","8.0","JAKARTA OBSERVATORY, ID","  83.7"," 8","  78.6"," 8","1009.8"," 8","009.3"," 8","  4.2"," 8","  2.8"," 8","  7.0","999.9","  89.2"," ","  78.8"," "," 0.00","I","999.9","000000"
"96745099999","2016-03-21","-6.1833333","106.8333333","8.0","JAKARTA OBSERVATORY, ID","  84.0"," 8","  77.3"," 8","1009.1"," 8","008.6"," 8","  4.0"," 8","  1.0"," 8","  4.1","999.9","  88.5"," ","  80.6"," "," 0.00","B","999.9","010000"
"96745099999","2016-03-22","-6.1833333","106.8333333","8.0","JAKARTA OBSERVATORY, ID","  82.8"," 8","  75.8"," 8","1007.9"," 8","008.5"," 8","  4.0"," 8","  2.6"," 8","  8.0","999.9","  90.7"," ","  78.4","*"," 0.24","A","999.9","010000"
"96745099999","2016-03-23","-6.1833333","106.8333333","8.0","JAKARTA OBSERVATORY, ID","  82.9"," 5","  73.4"," 5","1011.0"," 5","010.5"," 5","  4.0"," 5","  1.0"," 5","  5.1","999.9","  89.6"," ","  79.9","*"," 0.00","I","999.9","000000"
"96745099999","2016-03-24","-6.1833333","106.8333333","8.0","JAKARTA OBSERVATORY, ID","  84.4"," 7","  74.5"," 7","1012.2"," 7","011.7"," 7","  4.1"," 7","  2.1"," 7","  5.1","999.9","  90.3"," ","  79.5"," "," 0.00","B","999.9","010000"
"96745099999","2016-03-25","-6.1833333","106.8333333","8.0","JAKARTA OBSERVATORY, ID","  83.7"," 8","  77.0"," 8","1012.2"," 8","011.7"," 8","  4.1"," 8","  2.8"," 8","  7.0","999.9","  89.6"," ","  80.2"," "," 0.00","B","999.9","010010"
"96745099999","2016-03-26","-6.1833333","106.8333333","8.0","JAKARTA OBSERVATORY, ID","  82.4"," 8","  75.8"," 8","1013.1"," 8","012.6"," 8","  4.1"," 8","  2.4"," 8","  7.0","999.9","  86.4"," ","  77.0"," "," 0.01","A","999.9","010000"
"96745099999","2016-03-27","-6.1833333","106.8333333","8.0","JAKARTA OBSERVATORY, ID","  84.3"," 8","  75.6"," 8","1012.9"," 8","012.4"," 8","  4.3"," 8","  2.7"," 8","  8.9","999.9","  88.2"," ","  78.1"," "," 0.00","I","999.9","000000"
"96745099999","2016-03-28","-6.1833333","106.8333333","8.0","JAKARTA OBSERVATORY, ID","  84.0"," 8","  76.2"," 8","1012.3"," 8","011.4"," 8","  4.1"," 8","  3.9"," 8","  9.9","999.9","  90.0"," ","  77.7","*"," 1.57","A","999.9","010000"
"96745099999","2016-03-29","-6.1833333","106.8333333","8.0","JAKARTA OBSERVATORY, ID","  82.6"," 8","  74.7"," 8","1012.5"," 8","012.0"," 8","  3.9"," 8","  2.5"," 8","  7.0","999.9","  87.4"," ","  77.0"," "," 0.02","A","999.9","010000"
"96745099999","2016-03-30","-6.1833333","106.8333333","8.0","JAKARTA OBSERVATORY, ID","  82.6"," 8","  76.3"," 8","1012.4"," 8","011.9"," 8","  4.0"," 8","  1.5"," 8","  4.1","999.9","  85.6"," ","  78.4"," "," 0.24","A","999.9","000000"
"96745099999","2016-03-31","-6.1833333","106.8333333","8.0","JAKARTA OBSERVATORY, ID","  82.2"," 8","  76.7"," 8","1011.3"," 8","010.8"," 8","  3.8"," 8","  2.8"," 8","  6.0","999.9","  86.0"," ","  79.9"," "," 0.00","B","999.9","010000"
"96745099999","2016-04-01","-6.1833333","106.8333333","8.0","JAKARTA OBSERVATORY, ID","  83.4"," 8","  75.4"," 8","1010.6"," 8","010.1"," 8","  4.2"," 8","  2.3"," 8","  5.1","999.9","  89.2"," ","  77.0"," "," 0.00","I","999.9","000000"
"96745099999","2016-04-02","-6.1833333","106.8333333","8.0","JAKARTA OBSERVATORY, ID","  83.1"," 8","  74.9"," 8","1011.1"," 8","010.7"," 8","  4.3"," 8","  2.4"," 8","  6.0","999.9","  89.2"," ","  79.2"," "," 0.00","I","999.9","000000"
"96745099999","2016-04-03","-6.1833333","106.8333333","8.0","JAKARTA OBSERVATORY, ID","  86.2"," 8","  76.3"," 8","1011.4"," 8","010.5"," 8","  4.3"," 8","  4.0"," 8"," 15.9","999.9","  92.5"," ","  79.5"," "," 0.00","I","999.9","000000"
"96745099999","2016-04-04","-6.1833333","106.8333333","8.0","JAKARTA OBSERVATORY, ID","  86.8"," 8","  75.4"," 8","1010.2"," 8","009.7"," 8","  4.2"," 8","  3.0"," 8","  6.0","999.9","  94.3"," ","  78.8"," "," 0.00","I","999.9","000000"
"96745099999","2016-04-05","-6.1833333","106.8333333","8.0","JAKARTA OBSERVATORY, ID","  86.9"," 8","  76.5"," 8","1010.4"," 8","009.9"," 8","  4.2"," 8","  2.1"," 8","  7.0","999.9","  92.8"," ","  81.3"," ","99.99"," ","999.9","010000"
"96745099999","2016-04-06","-6.1833333","106.8333333","8.0","JAKARTA OBSERVATORY, ID","  85.9"," 8","  75.4"," 8","1010.4"," 8","009.9"," 8","  4.3"," 8","  3.9"," 8","  8.9","999.9","  93.6"," ","  78.8"," "," 0.00","I","999.9","000000"
"96745099999","2016-04-07","-6.1833333","106.8333333","8.0","JAKARTA OBSERVATORY, ID","  88.1"," 5","  76.5"," 5","1009.6"," 5","009.1"," 5","  4.6"," 5","  4.7"," 5","  6.0","999.9","  92.5"," ","  81.3"," "," 0.00","I","999.9","000000"
"96745099999","2016-04-08","-6.1833333","106.8333333","8.0","JAKARTA OBSERVATORY, ID","  86.3"," 8","  76.4"," 8","1010.3"," 8","009.8"," 8","  4.2"," 8","  3.0"," 8","  5.1","999.9","  91.4"," ","  78.8"," "," 0.00","I","999.9","000000"
"96745099999","2016-04-09","-6.1833333","106.8333333","8.0","JAKARTA OBSERVATORY, ID","  84.5"," 8","  75.4"," 8","1010.2"," 8","009.7"," 8","  4.2"," 8","  4.2"," 8","  9.9","999.9","  92.8"," ","  79.5","*"," 0.12","A","999.9","010000"
"96745099999","2016-04-10","-6.1833333","106.8333333","8.0","JAKARTA OBSERVATORY, ID","  86.0"," 8","  77.0"," 8","1010.1"," 8","009.6"," 8","  4.3"," 8","  3.3"," 8","  7.0","999.9","  92.5"," ","  78.8"," "," 0.00","I","999.9","000000"
"96745099999","2016-04-11","-6.1833333","106.8333333","8.0","JAKARTA OBSERVATORY, ID","  85.8"," 8","  76.5"," 8","1009.9"," 8","009.4"," 8","  4.1"," 8","  2.4"," 8","  5.1","999.9","  91.8"," ","  80.6"," "," 0.00","I","999.9","000000"
"96745099999","2016-04-12","-6.1833333","106.8333333","8.0","JAKARTA OBSERVATORY, ID","  84.9"," 8","  76.2"," 8","1009.6"," 8","009.1"," 8","  4.0"," 8","  3.0"," 8","  8.9","999.9","  88.5"," ","  81.3"," "," 0.00","B","999.9","010000"
"96745099999","2016-04-13","-6.1833333","106.8333333","8.0","JAKARTA OBSERVATORY, ID","  85.9"," 8","  75.4"," 8","1009.7"," 8","009.2"," 8","  4.1"," 8","  3.8"," 8","  7.0","999.9","  95.0"," ","  81.7"," "," 0.00","I","999.9","000000"
"96745099999","2016-04-14","-6.1833333","106.8333333","8.0","JAKARTA OBSERVATORY, ID","  84.8"," 8","  75.6"," 8","1009.8"," 8","009.3"," 8","  4.2"," 8","  2.6"," 8","  7.0","999.9","  92.5"," ","  80.6"," "," 0.12","A","999.9","010010"
"96745099999","2016-04-15","-6.1833333","106.8333333","8.0","JAKARTA OBSERVATORY, ID","  84.3"," 8","  76.5"," 8","1010.5"," 8","010.0"," 8","  4.0"," 8","  1.5"," 8","  4.1","999.9","  89.2","*","  79.5"," "," 0.00","B","999.9","010000"
"96745099999","2016-04-16","-6.1833333","106.8333333","8.0","JAKARTA OBSERVATORY, ID","  86.9"," 8","  77.6"," 8","1010.1"," 8","009.6"," 8","  4.3"," 8","  2.7"," 7","  6.0","999.9","  94.3"," ","  80.2"," "," 0.00","I","999.9","000000"
"96745099999","2016-04-17","-6.1833333","106.8333333","8.0","JAKARTA OBSERVATORY, ID","  80.7"," 7","  76.5"," 7","1010.6"," 7","010.1"," 7","  3.9"," 7","  2.0"," 7","  5.1","999.9","  93.2"," ","  76.6","*"," 1.69","A","999.9","010000"
"96745099999","2016-04-18","-6.1833333","106.8333333","8.0","JAKARTA OBSERVATORY, ID","  84.8"," 8","  77.0"," 8","1009.8"," 8","009.2"," 8","  4.3"," 8","  2.4"," 8","  5.1","999.9","  92.8"," ","  76.6"," "," 0.55","A","999.9","010000"
"96745099999","2016-04-19","-6.1833333","106.8333333","8.0","JAKARTA OBSERVATORY, ID","  84.5"," 8","  77.0"," 8","1010.1"," 8","009.6"," 8","  4.0"," 8","  3.7"," 8","  9.9","999.9","  91.4"," ","  78.4"," ","99.99"," ","999.9","010000"
"96745099999","2016-04-20","-6.1833333","106.8333333","8.0","JAKARTA OBSERVATORY, ID","  82.7"," 8","  77.1"," 8","1010.7"," 8","010.2"," 8","  3.8"," 8","  1.7"," 8","  7.0","999.9","  88.5"," ","  77.4","*"," 0.20","A","999.9","010010"
"96745099999","2016-04-21","-6.1833333","106.8333333","8.0","JAKARTA OBSERVATORY, ID","  83.0"," 8","  76.4"," 8","1010.3"," 8","009.8"," 8","  4.0"," 8","  2.1"," 8","  5.1","999.9","  89.6"," ","  76.6"," "," 0.04","A","999.9","010000"
"96745099999","2016-04-22","-6.1833333","106.8333333","8.0","JAKARTA OBSERVATORY, ID","  85.5"," 8","  76.6"," 8","1009.8"," 8","009.3"," 8","  4.1"," 8","  4.9"," 8","  8.0","999.9","  92.1"," ","  76.6"," "," 0.00","I","999.9","000000"
"96745099999","2016-04-23","-6.1833333","106.8333333","8.0","JAKARTA OBSERVATORY, ID","  85.7"," 8","  75.9"," 8","1009.4"," 8","008.9"," 8","  4.3"," 8","  3.5"," 8","  6.0","999.9","  91.8"," ","  81.3","*"," 0.00","I","999.9","000000"
"96745099999","2016-04-24","-6.1833333","106.8333333","8.0","JAKARTA OBSERVATORY, ID","  85.8"," 8","  76.4"," 8","1008.9"," 8","008.5"," 8","  4.2"," 8","  1.5"," 8","  4.1","999.9","  92.1"," ","  81.0"," "," 0.00","B","999.9","010000"
"96745099999","2016-04-25","-6.1833333","106.8333333","8.0","JAKARTA OBSERVATORY, ID","  85.8"," 8","  76.4"," 8","1009.6"," 8","009.1"," 8","  4.3"," 8","  2.5"," 8","  9.9","999.9","  92.5"," ","  80.1"," ","99.99"," ","999.9","010000"
"96745099999","2016-04-26","-6.1833333","106.8333333","8.0","JAKARTA OBSERVATORY, ID","  81.9"," 8","  76.8"," 8","1010.6"," 8","010.1"," 8","  3.9"," 8","  1.6"," 8","  5.1","999.9","  83.8","*","  80.2","*"," 0.04","C","999.9","010000"
"96745099999","2016-04-27","-6.1833333","106.8333333","8.0","JAKARTA OBSERVATORY, ID","  84.5"," 8","  74.9"," 8","1008.9"," 8","008.4"," 8","  4.3"," 8","  2.6"," 8","  5.1","999.9","  90.7","*","  79.9"," "," 0.00","A","999.9","000000"
"96745099999","2016-04-28","-6.1833333","106.8333333","8.0","JAKARTA OBSERVATORY, ID","  86.1"," 8","  76.2"," 8","1009.6"," 8","009.1"," 8","  4.2"," 8","  3.0"," 8","  6.0","999.9","  92.8"," ","  79.5"," "," 0.00","I","999.9","000000"
"96745099999","2016-04-29","-6.1833333","106.8333333","8.0","JAKARTA OBSERVATORY, ID","  85.8"," 8","  75.8"," 8","1009.6"," 8","009.2"," 8","  4.0"," 8","  2.7"," 8","  6.0","999.9","  93.2"," ","  81.0"," "," 0.00","I","999.9","000000"
"96745099999","2016-04-30","-6.1833333","106.8333333","8.0","JAKARTA OBSERVATORY, ID","  83.7"," 8","  76.2"," 8","1009.7"," 8","009.2"," 8","  4.1"," 8","  2.5"," 8","  5.1","999.9","  91.8"," ","  79.5","*"," 0.00","B","999.9","010010"
"96745099999","2016-05-01","-6.1833333","106.8333333","8.0","JAKARTA OBSERVATORY, ID","  84.8"," 8","  76.6"," 8","1009.7"," 8","009.2"," 8","  4.0"," 8","  3.4"," 8","  7.0","999.9","  90.3"," ","  79.5"," "," 0.00","I","999.9","000000"
"96745099999","2016-05-02","-6.1833333","106.8333333","8.0","JAKARTA OBSERVATORY, ID","  86.0"," 8","  76.2"," 8","1009.9"," 8","009.4"," 8","  4.3"," 8","  3.1"," 8","  7.0","999.9","  93.9"," ","  80.6"," "," 0.00","I","999.9","000000"
"96745099999","2016-05-03","-6.1833333","106.8333333","8.0","JAKARTA OBSERVATORY, ID","  86.5"," 8","  77.0"," 8","1009.5"," 8","009.0"," 8","  4.2"," 8","  2.4"," 8","  5.1","999.9","  92.5"," ","  81.3"," ","99.99"," ","999.9","010000"
"96745099999","2016-05-04","-6.1833333","106.8333333","8.0","JAKARTA OBSERVATORY, ID","  87.2"," 8","  77.4"," 8","1008.7"," 8","008.2"," 8","  4.3"," 8","  3.0"," 8","  6.0","999.9","  92.7"," ","  81.5"," "," 0.00","I","999.9","000000"
"96745099999","2016-05-05","-6.1833333","106.8333333","8.0","JAKARTA OBSERVATORY, ID","  82.2"," 8","  76.6"," 8","1009.1"," 8","008.6"," 8","  4.0"," 8","  0.9"," 8","  7.0","999.9","  84.9"," ","  79.9","*"," 0.24","A","999.9","010000"
"96745099999","2016-05-06","-6.1833333","106.8333333","8.0","JAKARTA OBSERVATORY, ID","  84.7"," 8","  76.6"," 8","1008.3"," 8","007.8"," 8","  4.2"," 8","  1.4"," 8","  6.0","999.9","  90.3"," ","  79.2"," "," 0.00","I","999.9","000000"
"96745099999","2016-05-07","-6.1833333","106.8333333","8.0","JAKARTA OBSERVATORY, ID","  85.1"," 7","  76.1"," 7","1008.9"," 7","008.5"," 7","  4.2"," 7","  1.4"," 7","  6.0","999.9","  90.7"," ","  79.9"," "," 0.00","I","999.9","000000"
"96745099999","2016-05-08","-6.1833333","106.8333333","8.0","JAKARTA OBSERVATORY, ID","  82.9"," 8","  76.7"," 8","1009.5"," 8","009.0"," 8","  4.1"," 8","  2.1"," 8","  9.9","999.9","  90.7"," ","  77.0"," "," 1.34","A","999.9","010000"
"96745099999","2016-05-09","-6.1833333","106.8333333","8.0","JAKARTA OBSERVATORY, ID","  84.4"," 8","  76.0"," 8","1009.4"," 8","008.9"," 8","  4.2"," 8","  2.6"," 8","  6.0","999.9","  90.3"," ","  78.8"," "," 0.04","A","999.9","010000"
"96745099999","2016-05-10","-6.1833333","106.8333333","8.0","JAKARTA OBSERVATORY, ID","  86.2"," 8","  77.2"," 8","1008.4"," 8","007.9"," 8","  4.3"," 8","  2.1"," 8","  5.1","999.9","  93.2"," ","  79.9"," "," 0.00","I","999.9","000000"
"96745099999","2016-05-11","-6.1833333","106.8333333","8.0","JAKARTA OBSERVATORY, ID","  86.9"," 8","  76.8"," 8","1008.1"," 8","007.6"," 8","  4.3"," 8","  2.8"," 8","  7.0","999.9","  93.9"," ","  80.6"," "," 0.00","I","999.9","000000"
"96745099999","2016-05-12","-6.1833333","106.8333333","8.0","JAKARTA OBSERVATORY, ID","  85.7"," 8","  75.9"," 8","1007.6"," 8","007.1"," 8","  4.1"," 8","  1.6"," 8","  4.1","999.9","  93.2"," ","  78.8"," "," 0.04","A","999.9","010000"
"96745099999","2016-05-13","-6.1833333","106.8333333","8.0","JAKARTA OBSERVATORY, ID","  87.1"," 8","  77.0"," 8","1008.1"," 8","007.6"," 8","  4.1"," 8","  2.5"," 8","  6.0","999.9","  95.4"," ","  80.2","*"," 0.47","A","999.9","010000"
"96745099999","2016-05-14","-6.1833333","106.8333333","8.0","JAKARTA OBSERVATORY, ID","  84.7"," 8","  77.2"," 8","1009.9"," 8","009.4"," 8","  3.8"," 8","  2.2"," 8","  7.0","999.9","  92.1"," ","  78.8"," "," 0.00","I","999.9","000000"
"96745099999","2016-05-15","-6.1833333","106.8333333","8.0","JAKARTA OBSERVATORY, ID","  86.7"," 8","  77.8"," 8","1008.8"," 8","008.2"," 8","  4.3"," 8","  1.9"," 8","  5.1","999.9","  93.6"," ","  80.2"," "," 0.00","I","999.9","000000"
"96745099999","2016-05-16","-6.1833333","106.8333333","8.0","JAKARTA OBSERVATORY, ID","  85.3"," 8","  77.4"," 8","1008.8"," 8","008.3"," 8","  4.0"," 8","  2.3"," 8","  5.1","999.9","  90.7"," ","  82.0"," "," 0.18","B","999.9","010000"
"96745099999","2016-05-17","-6.1833333","106.8333333","8.0","JAKARTA OBSERVATORY, ID","  83.9"," 8","  76.9"," 8","1009.1"," 8","008.7"," 8","  4.0"," 8","  1.6"," 8","  6.0","999.9","  90.0"," ","  80.6"," "," 0.02","A","999.9","010000"
"96745099999","2016-05-18","-6.1833333","106.8333333","8.0","JAKARTA OBSERVATORY, ID","  86.0"," 8","  77.2"," 8","1009.1"," 8","008.6"," 8","  4.3"," 8","  3.0"," 8","  6.0","999.9","  92.5"," ","  80.2"," "," 0.00","I","999.9","000000"
"96745099999","2016-05-19","-6.1833333","106.8333333","8.0","JAKARTA OBSERVATORY, ID","  87.0"," 8","  76.4"," 8","1009.0"," 8","008.5"," 8","  4.2"," 8","  3.4"," 8","  7.0","999.9","  91.8"," ","  80.6"," "," 0.00","I","999.9","000000"
"96745099999","2016-05-20","-6.1833333","106.8333333","8.0","JAKARTA OBSERVATORY, ID","  85.7"," 8","  77.0"," 8","1008.2"," 8","007.8"," 8","  3.9"," 8","  1.0"," 8","  5.1","999.9","  92.1"," ","  78.8"," "," 2.09","A","999.9","010000"
"96745099999","2016-05-21","-6.1833333","106.8333333","8.0","JAKARTA OBSERVATORY, ID","  82.2"," 8","  77.2"," 7","1010.4"," 8","009.9"," 8","  4.0"," 8","  2.2"," 8","  5.1","999.9","  89.2"," ","  76.5","*"," 0.21","C","999.9","010010"
"96745099999","2016-05-22","-6.1833333","106.8333333","8.0","JAKARTA OBSERVATORY, ID","  84.1"," 8","  77.2"," 8","1011.0"," 8","010.5"," 8","  4.0"," 8","  2.5"," 8","  7.0","999.9","  88.9"," ","  78.8"," "," 0.24","A","999.9","010000"
"96745099999","2016-05-23","-6.1833333","106.8333333","8.0","JAKARTA OBSERVATORY, ID","  82.9"," 8","  77.2"," 8","1011.3"," 8","010.8"," 8","  4.0"," 8","  1.6"," 8","  7.0","999.9","  90.3"," ","  78.3","*"," 0.75","B","999.9","000010"
"96745099999","2016-05-24","-6.1833333","106.8333333","8.0","JAKARTA OBSERVATORY, ID","  84.2"," 8","  77.0"," 8","1010.2"," 8","009.7"," 8","  4.2"," 8","  2.2"," 8","  5.1","999.9","  91.0"," ","  78.1"," "," 0.16","A","999.9","010000"
"96745099999","2016-05-25","-6.1833333","106.8333333","8.0","JAKARTA OBSERVATORY, ID","  86.1"," 8","  76.8"," 8","1009.8"," 8","009.3"," 8","  4.2"," 8","  2.0"," 8","  6.0","999.9","  93.2"," ","  78.4"," "," 0.00","I","999.9","000000"
"96745099999","2016-05-26","-6.1833333","106.8333333","8.0","JAKARTA OBSERVATORY, ID","  85.5"," 8","  76.8"," 8","1010.6"," 8","010.1"," 8","  4.1"," 8","  2.2"," 7","  6.0","999.9","  90.7"," ","  78.8"," "," 0.00","I","999.9","000000"
"96745099999","2016-05-27","-6.1833333","106.8333333","8.0","JAKARTA OBSERVATORY, ID","  83.4"," 8","  75.8"," 8","1011.3"," 8","010.8"," 8","  4.2"," 8","  1.7"," 8","  5.1","999.9","  87.4"," ","  81.3","*","99.99"," ","999.9","010000"
"96745099999","2016-05-28","-6.1833333","106.8333333","8.0","JAKARTA OBSERVATORY, ID","  86.0"," 8","  75.8"," 8","1010.0"," 8","009.5"," 8","  4.2"," 8","  3.2"," 8","  6.0","999.9","  93.6"," ","  80.6"," "," 0.00","I","999.9","000000"
"96745099999","2016-05-29","-6.1833333","106.8333333","8.0","JAKARTA OBSERVATORY, ID","  80.5"," 8","  75.4"," 8","1010.3"," 8","009.8"," 8","  3.9"," 8","  0.5"," 8","  4.1","999.9","  86.7"," ","  78.1","*"," 0.08","B","999.9","010000"
"96745099999","2016-05-30","-6.1833333","106.8333333","8.0","JAKARTA OBSERVATORY, ID","  82.4"," 8","  75.8"," 8","1011.2"," 8","010.8"," 8","  4.0"," 8","  1.5"," 8","  4.1","999.9","  88.5"," ","  78.1"," "," 0.00","I","999.9","000000"
"96745099999","2016-05-31","-6.1833333","106.8333333","8.0","JAKARTA OBSERVATORY, ID","  84.4"," 8","  75.4"," 8","1011.2"," 8","010.7"," 8","  4.1"," 8","  2.6"," 8","  7.0","999.9","  90.7"," ","  77.0"," "," 0.00","A","999.9","000000"
"96745099999","2016-06-01","-6.1833333","106.8333333","8.0","JAKARTA OBSERVATORY, ID","  86.1"," 8","  77.3"," 8","1010.7"," 8","010.2"," 8","  4.2"," 8","  1.4"," 8","  4.1","999.9","  91.8"," ","  78.8"," "," 0.00","I","999.9","000010"
"96745099999","2016-06-02","-6.1833333","106.8333333","8.0","JAKARTA OBSERVATORY, ID","  85.7"," 8","  75.8"," 8","1008.9"," 8","009.5"," 8","  4.3"," 8","  2.0"," 8","  7.0","999.9","  91.4","*","  80.2","*"," 0.00","I","999.9","000000"
"96745099999","2016-06-03","-6.1833333","106.8333333","8.0","JAKARTA OBSERVATORY, ID","  85.1"," 8","  76.2"," 8","1011.1"," 8","010.6"," 8","  4.2"," 8","  3.0"," 8","  6.0","999.9","  92.8"," ","  78.8"," "," 0.00","B","999.9","010000"
"96745099999","2016-06-04","-6.1833333","106.8333333","8.0","JAKARTA OBSERVATORY, ID","  85.7"," 8","  76.4"," 8","1011.1"," 8","010.6"," 8","  4.2"," 8","  1.5"," 8","  5.1","999.9","  92.8"," ","  80.2"," "," 0.00","I","999.9","000000"
"96745099999","2016-06-05","-6.1833333","106.8333333","8.0","JAKARTA OBSERVATORY, ID","  83.2"," 8","  76.4"," 8","1011.7"," 8","011.2"," 8","  4.0"," 8","  1.6"," 8","  7.0","999.9","  89.2"," ","  79.9","*"," 0.00","I","999.9","000000"
"96745099999","2016-06-06","-6.1833333","106.8333333","8.0","JAKARTA OBSERVATORY, ID","  82.4"," 8","  74.2"," 8","1012.2"," 8","011.7"," 8","  4.0"," 8","  0.5"," 8","  4.1","999.9","  90.3"," ","  78.8"," "," 0.08","A","999.9","010000"
"96745099999","2016-06-07","-6.1833333","106.8333333","8.0","JAKARTA OBSERVATORY, ID","  84.3"," 8","  74.3"," 8","1011.7"," 8","011.2"," 8","  4.2"," 8","  2.4"," 8","  6.0","999.9","  93.6"," ","  78.4"," "," 0.00","I","999.9","000000"
"96745099999","2016-06-08","-6.1833333","106.8333333","8.0","JAKARTA OBSERVATORY, ID","  85.8"," 8","  74.4"," 8","1011.2"," 8","010.7"," 8","  4.3"," 8","  2.8"," 8","  6.0","999.9","  90.7","*","  78.8"," "," 0.00","I","999.9","000000"
"96745099999","2016-06-09","-6.1833333","106.8333333","8.0","JAKARTA OBSERVATORY, ID","  83.6"," 8","  76.0"," 8","1011.5"," 8","011.0"," 8","  4.0"," 8","  1.5"," 8","  4.1","999.9","  90.3"," ","  78.8"," "," 1.18","A","999.9","010010"
"96745099999","2016-06-10","-6.1833333","106.8333333","8.0","JAKARTA OBSERVATORY, ID","  84.7"," 8","  76.0"," 8","1011.8"," 8","011.3"," 8","  4.1"," 8","  2.3"," 8","  4.1","999.9","  91.8"," ","  78.4"," "," 0.00","I","999.9","000000"
"96745099999","2016-06-11","-6.1833333","106.8333333","8.0","JAKARTA OBSERVATORY, ID","  86.2"," 8","  75.1"," 8","1011.9"," 8","011.4"," 8","  4.3"," 8","  2.8"," 8","  7.0","999.9","  94.3"," ","  79.5"," "," 0.00","I","999.9","000000"
"96745099999","2016-06-12","-6.1833333","106.8333333","8.0","JAKARTA OBSERVATORY, ID","  85.1"," 8","  74.2"," 8","1011.3"," 8","010.8"," 8","  4.2"," 8","  1.8"," 8","  5.1","999.9","  91.8"," ","  80.2","*"," 0.00","I","999.9","000000"
"96745099999","2016-06-13","-6.1833333","106.8333333","8.0","JAKARTA OBSERVATORY, ID","  85.4"," 8","  75.0"," 8","1010.8"," 8","010.3"," 8","  4.0"," 8","  1.2"," 8","  4.1","999.9","  91.4"," ","  80.2"," "," 0.00","I","999.9","000000"
"96745099999","2016-06-14","-6.1833333","106.8333333","8.0","JAKARTA OBSERVATORY, ID","  83.5"," 8","  74.9"," 8","1010.3"," 8","009.8"," 8","  4.2"," 8","  1.5"," 8","  5.1","999.9","  88.2"," ","  79.9"," "," 0.00","I","999.9","000000"
"96745099999","2016-06-15","-6.1833333","106.8333333","8.0","JAKARTA OBSERVATORY, ID","  82.7"," 8","  74.3"," 8","1009.9"," 8","009.4"," 8","  4.0"," 8","  3.1"," 8","  8.0","999.9","  89.6"," ","  79.9"," "," 0.00","I","999.9","000000"
"96745099999","2016-06-16","-6.1833333","106.8333333","8.0","JAKARTA OBSERVATORY, ID","  85.3"," 8","  74.7"," 8","1008.6"," 8","008.1"," 8","  4.3"," 8","  2.7"," 8","  8.0","999.9","  92.8"," ","  77.7"," ","99.99"," ","999.9","010000"
"96745099999","2016-06-17","-6.1833333","106.8333333","8.0","JAKARTA OBSERVATORY, ID","  83.7"," 8","  75.8"," 8","1009.1"," 8","008.6"," 8","  3.9"," 8","  2.8"," 8","  5.1","999.9","  91.8"," ","  76.6","*"," 0.47","B","999.9","010010"
"96745099999","2016-06-18","-6.1833333","106.8333333","8.0","JAKARTA OBSERVATORY, ID","  78.4"," 8","  72.9"," 8","1010.4"," 8","009.5"," 8","  3.8"," 8","  1.5"," 8","  5.1","999.9","  86.0"," ","  74.8"," "," 0.16","C","999.9","010000"
"96745099999","2016-06-19","-6.1833333","106.8333333","8.0","JAKARTA OBSERVATORY, ID","  83.5"," 8","  74.0"," 8","1010.1"," 8","009.6"," 8","  4.3"," 8","  1.6"," 8","  5.1","999.9","  89.6"," ","  74.1"," "," 0.00","I","999.9","000000"
"96745099999","2016-06-20","-6.1833333","106.8333333","8.0","JAKARTA OBSERVATORY, ID","  83.6"," 8","  75.1"," 8","1009.4"," 8","008.9"," 8","  4.1"," 8","  2.2"," 8","  5.1","999.9","  88.9"," ","  77.4"," "," 0.00","I","999.9","000000"
"96745099999","2016-06-21","-6.1833333","106.8333333","8.0","JAKARTA OBSERVATORY, ID","  84.7"," 8","  74.2"," 8","1009.5"," 8","009.0"," 8","  4.0"," 8","  2.2"," 8","  8.9","999.9","  95.0"," ","  77.4","*"," 0.00","I","999.9","000000"
"96745099999","2016-06-22","-6.1833333","106.8333333","8.0","JAKARTA OBSERVATORY, ID","  83.6"," 8","  74.5"," 8","1010.4"," 8","009.9"," 8","  4.3"," 8","  2.1"," 8","  6.0","999.9","  90.7"," ","  77.0"," "," 0.01","A","999.9","010000"
"96745099999","2016-06-23","-6.1833333","106.8333333","8.0","JAKARTA OBSERVATORY, ID","  83.7"," 8","  74.8"," 8","1009.8"," 8","009.3"," 8","  4.2"," 8","  2.6"," 8","  5.1","999.9","  92.1"," ","  77.7"," "," 0.24","A","999.9","000000"
"96745099999","2016-06-24","-6.1833333","106.8333333","8.0","JAKARTA OBSERVATORY, ID","  81.7"," 8","  75.5"," 8","1010.0"," 8","009.6"," 8","  3.7"," 8","  3.1"," 8"," 15.0","999.9","  90.0"," ","  77.0","*"," 0.12","A","999.9","010010"
"96745099999","2016-06-25","-6.1833333","106.8333333","8.0","JAKARTA OBSERVATORY, ID","  83.8"," 8","  75.3"," 8","1011.0"," 8","010.5"," 8","  4.3"," 8","  2.2"," 8","  5.1","999.9","  90.3"," ","  74.8"," "," 0.00","I","999.9","000000"
"96745099999","2016-06-26","-6.1833333","106.8333333","8.0","JAKARTA OBSERVATORY, ID","  82.4"," 8","  74.9"," 8","1010.8"," 8","010.3"," 8","  4.2"," 8","  3.3"," 8"," 14.0","999.9","  91.0"," ","  75.6"," "," 0.83","A","999.9","010000"
"96745099999","2016-06-27","-6.1833333","106.8333333","8.0","JAKARTA OBSERVATORY, ID","  84.0"," 8","  74.0"," 8","1009.7"," 8","009.3"," 8","  4.0"," 8","  2.4"," 8"," 11.1","999.9","  88.9"," ","  77.7"," "," 0.00","I","999.9","000000"
"96745099999","2016-06-28","-6.1833333","106.8333333","8.0","JAKARTA OBSERVATORY, ID","  84.3"," 8","  74.3"," 8","1009.5"," 8","009.0"," 8","  4.2"," 8","  1.4"," 8","  6.0","999.9","  90.0"," ","  78.8"," "," 0.00","I","999.9","000000"
"96745099999","2016-06-29","-6.1833333","106.8333333","8.0","JAKARTA OBSERVATORY, ID","  83.0"," 8","  75.2"," 8","1010.6"," 8","010.2"," 8","  4.3"," 8","  2.1"," 8","  7.0","999.9","  90.0"," ","  78.4","*"," 0.63","A","999.9","000010"
"96745099999","2016-06-30","-6.1833333","106.8333333","8.0","JAKARTA OBSERVATORY, ID","  87.2"," 8","  75.7"," 8","1010.6"," 8","010.1"," 8","  4.1"," 8","  1.6"," 8","  6.0","999.9","  99.9","*","  77.7"," "," 0.00","I","999.9","000000"
"96745099999","2016-07-01","-6.1833333","106.8333333","8.0","JAKARTA OBSERVATORY, ID","  83.4"," 8","  76.9"," 8","1011.2"," 8","010.7"," 8","  4.0"," 8","  2.1"," 8","  7.0","999.9","  88.5"," ","  77.2"," "," 0.00","C","999.9","010000"
"96745099999","2016-07-02","-6.1833333","106.8333333","8.0","JAKARTA OBSERVATORY, ID","  85.6"," 8","  75.8"," 8","1011.4"," 8","010.9"," 8","  4.3"," 8","  2.9"," 8","  6.0","999.9","  91.8"," ","  79.2"," "," 0.00","I","999.9","000000"
"96745099999","2016-07-03","-6.1833333","106.8333333","8.0","JAKARTA OBSERVATORY, ID","  81.6"," 8","  75.4"," 8","1011.3"," 8","010.8"," 8","  3.8"," 8","  1.5"," 8","  5.1","999.9","  91.4"," ","  75.2","*"," 2.36","B","999.9","010000"
"96745099999","2016-07-04","-6.1833333","106.8333333","8.0","JAKARTA OBSERVATORY, ID","  84.5"," 8","  76.1"," 8","1009.9"," 8","009.4"," 8","  4.3"," 8","  2.0"," 8","  5.1","999.9","  92.1"," ","  75.6"," "," 0.00","I","999.9","000000"
"96745099999","2016-07-05","-6.1833333","106.8333333","8.0","JAKARTA OBSERVATORY, ID","  83.5"," 7","  75.5"," 7","1009.5"," 7","009.0"," 7","  4.2"," 7","  2.2"," 7","  7.0","999.9","  92.8"," ","  75.9"," "," 0.00","A","999.9","010000"
"96745099999","2016-07-06","-6.1833333","106.8333333","8.0","JAKARTA OBSERVATORY, ID","  85.4"," 8","  76.1"," 8","1009.3"," 8","008.9"," 8","  4.0"," 8","  2.0"," 8","  5.1","999.9","  93.6"," ","  78.8"," "," 0.00","I","999.9","000000"
"96745099999","2016-07-07","-6.1833333","106.8333333","8.0","JAKARTA OBSERVATORY, ID","  84.7"," 8","  75.1"," 8","1010.2"," 8","009.7"," 8","  4.3"," 8","  3.6"," 8","  8.9","999.9","  93.6"," ","  77.9"," "," 0.04","A","999.9","010000"
"96745099999","2016-07-08","-6.1833333","106.8333333","8.0","JAKARTA OBSERVATORY, ID","  84.8"," 8","  75.4"," 8","1010.3"," 8","009.8"," 8","  4.2"," 8","  2.8"," 8","  7.0","999.9","  91.0","*","  77.0"," "," 0.00","I","999.9","000000"
"96745099999","2016-07-09","-6.1833333","106.8333333","8.0","JAKARTA OBSERVATORY, ID","  86.0"," 8","  74.7"," 8","1008.8"," 8","009.5"," 8","  4.1"," 8","  2.6"," 8","  8.0","999.9","  95.0"," ","  78.8"," "," 0.00","I","999.9","000000"
"96745099999","2016-07-10","-6.1833333","106.8333333","8.0","JAKARTA OBSERVATORY, ID","  83.8"," 8","  75.1"," 8","1010.1"," 8","009.6"," 8","  4.0"," 8","  1.5"," 8","  7.0","999.9","  88.2"," ","  79.7"," "," 0.00","I","999.9","000000"
"96745099999","2016-07-11","-6.1833333","106.8333333","8.0","JAKARTA OBSERVATORY, ID","  84.7"," 8","  75.7"," 8","1010.3"," 8","009.8"," 8","  4.0"," 8","  2.8"," 8","  7.0","999.9","  93.2"," ","  78.8","*"," 0.20","A","999.9","010000"
"96745099999","2016-07-12","-6.1833333","106.8333333","8.0","JAKARTA OBSERVATORY, ID","  84.2"," 8","  74.5"," 8","1009.8"," 8","009.3"," 8","  3.9"," 8","  1.9"," 8","  5.1","999.9","  91.4"," ","  77.0"," "," 0.00","I","999.9","000010"
"96745099999","2016-07-13","-6.1833333","106.8333333","8.0","JAKARTA OBSERVATORY, ID","  84.2"," 8","  74.7"," 8","1009.6"," 8","009.1"," 8","  4.2"," 8","  2.2"," 8","  5.1","999.9","  90.3"," ","  79.2"," "," 0.00","I","999.9","000010"
"96745099999","2016-07-14","-6.1833333","106.8333333","8.0","JAKARTA OBSERVATORY, ID","  84.4"," 7","  75.5"," 7","1008.9"," 7","008.5"," 7","  3.9"," 7","  2.4"," 7","  5.1","999.9","  91.8"," ","  79.9"," "," 0.00","I","999.9","000000"
"96745099999","2016-07-15","-6.1833333","106.8333333","8.0","JAKARTA OBSERVATORY, ID","  85.4"," 8","  75.7"," 8","1009.5"," 8","009.0"," 8","  4.3"," 8","  2.5"," 8","  5.1","999.9","  92.5"," ","  80.6"," "," 0.00","I","999.9","000000"
"96745099999","2016-07-16","-6.1833333","106.8333333","8.0","JAKARTA OBSERVATORY, ID","  82.1"," 8","  76.0"," 8","1010.7"," 8","010.2"," 8","  3.8"," 8","  3.2"," 8","  6.0","999.9","  90.7"," ","  75.9","*"," 3.07","B","999.9","010000"
"96745099999","2016-07-17","-6.1833333","106.8333333","8.0","JAKARTA OBSERVATORY, ID","  81.3"," 8","  75.3"," 7","1010.9"," 8","010.4"," 8","  3.9"," 8","  3.3"," 8","  8.0","999.9","  88.5","*","  75.0","*","99.99"," ","999.9","010000"
"96745099999","2016-07-18","-6.1833333","106.8333333","8.0","JAKARTA OBSERVATORY, ID","  83.3"," 8","  75.0"," 8","1009.3"," 8","008.8"," 8","  4.1"," 8","  1.7"," 8","  7.0","999.9","  90.0"," ","  75.2"," "," 0.00","I","999.9","000000"
"96745099999","2016-07-19","-6.1833333","106.8333333","8.0","JAKARTA OBSERVATORY, ID","  82.1"," 8","  75.0"," 8","1009.3"," 8","008.8"," 8","  4.2"," 8","  3.2"," 8","  6.0","999.9","  89.6"," ","  77.4"," "," 0.63","A","999.9","010000"
"96745099999","2016-07-20","-6.1833333","106.8333333","8.0","JAKARTA OBSERVATORY, ID","  79.1"," 8","  74.4"," 7","1009.9"," 8","009.4"," 8","  3.7"," 8","  2.9"," 8","  8.0","999.9","  89.6"," ","  76.3","*"," 1.73","B","999.9","010000"
"96745099999","2016-07-21","-6.1833333","106.8333333","8.0","JAKARTA OBSERVATORY, ID","  82.3"," 8","  74.0"," 8","1009.9"," 8","009.4"," 8","  4.1"," 8","  2.1"," 8","  6.0","999.9","  88.9"," ","  75.2"," "," 0.20","A","999.9","000000"
"96745099999","2016-07-22","-6.1833333","106.8333333","8.0","JAKARTA OBSERVATORY, ID","  79.4"," 8","  73.9"," 8","1010.7"," 8","010.2"," 8","  4.0"," 8","  2.4"," 8","  6.0","999.9","  87.8"," ","  76.5","*"," 0.59","B","999.9","010010"
"96745099999","2016-07-23","-6.1833333","106.8333333","8.0","JAKARTA OBSERVATORY, ID","  83.6"," 8","  74.1"," 8","1009.8"," 8","009.3"," 8","  4.0"," 8","  2.9"," 8","  7.0","999.9","  92.5"," ","  76.3"," "," 0.00","I","999.9","000000"
"96745099999","2016-07-24","-6.1833333","106.8333333","8.0","JAKARTA OBSERVATORY, ID","  82.2"," 8","  74.8"," 8","1009.7"," 8","009.2"," 8","  4.1"," 8","  1.5"," 8","  5.1","999.9","  89.6"," ","  77.0"," "," 0.31","A","999.9","000010"
"96745099999","2016-07-25","-6.1833333","106.8333333","8.0","JAKARTA OBSERVATORY, ID","  83.0"," 8","  74.2"," 8","1010.3"," 8","009.8"," 8","  4.0"," 8","  2.8"," 8","  8.0","999.9","  88.2"," ","  76.6"," "," 0.01","C","999.9","010000"
"96745099999","2016-07-26","-6.1833333","106.8333333","8.0","JAKARTA OBSERVATORY, ID","  83.3"," 8","  72.8"," 8","1010.0"," 8","009.5"," 8","  4.2"," 8","  3.6"," 8","  8.0","999.9","  90.3"," ","  75.2"," "," 0.00","I","999.9","000000"
"96745099999","2016-07-27","-6.1833333","106.8333333","8.0","JAKARTA OBSERVATORY, ID","  84.9"," 8","  72.6"," 8","1009.7"," 8","009.2"," 8","  4.3"," 8","  2.4"," 8","  6.0","999.9","  92.5","*","  78.1"," "," 0.00","I","999.9","000000"
"96745099999","2016-07-28","-6.1833333","106.8333333","8.0","JAKARTA OBSERVATORY, ID","  85.1"," 8","  73.6"," 8","1010.1"," 8","009.6"," 8","  4.2"," 8","  3.0"," 8","  8.0","999.9","  92.1"," ","  75.2"," "," 0.00","I","999.9","000000"
"96745099999","2016-07-29","-6.1833333","106.8333333","8.0","JAKARTA OBSERVATORY, ID","  85.7"," 8","  75.0"," 8","1009.6"," 8","009.1"," 8","  4.2"," 8","  2.1"," 8","  7.0","999.9","  93.9"," ","  77.7"," "," 0.01","A","999.9","010000"
"96745099999","2016-07-30","-6.1833333","106.8333333","8.0","JAKARTA OBSERVATORY, ID","  84.4"," 8","  75.0"," 8","1009.7"," 8","009.2"," 8","  4.3"," 8","  3.0"," 8","  7.0","999.9","  90.7"," ","  77.0"," "," 0.00","I","999.9","000000"
"96745099999","2016-07-31","-6.1833333","106.8333333","8.0","JAKARTA OBSERVATORY, ID","  85.8"," 8","  73.5"," 8","1009.8"," 8","009.2"," 8","  4.3"," 8","  3.6"," 8","  8.0","999.9","  92.1"," ","  78.8"," "," 0.00","I","999.9","000000"
"96745099999","2016-08-01","-6.1833333","106.8333333","8.0","JAKARTA OBSERVATORY, ID","  82.9"," 8","  74.3"," 8","1009.4"," 8","008.9"," 8","  4.0"," 8","  3.2"," 8","  7.0","999.9","  90.7"," ","  77.0","*","99.99"," ","999.9","010000"
"96745099999","2016-08-02","-6.1833333","106.8333333","8.0","JAKARTA OBSERVATORY, ID","  82.9"," 8","  73.5"," 8","1008.7"," 8","008.2"," 8","  4.2"," 8","  1.3"," 8","  6.0","999.9","  90.7"," ","  77.0"," "," 0.00","I","999.9","000000"
"96745099999","2016-08-03","-6.1833333","106.8333333","8.0","JAKARTA OBSERVATORY, ID","  83.8"," 8","  69.0"," 8","1009.5"," 8","009.0"," 8","  4.2"," 8","  1.9"," 8","  6.0","999.9","  90.3"," ","  76.3"," "," 0.00","I","999.9","000000"
"96745099999","2016-08-04","-6.1833333","106.8333333","8.0","JAKARTA OBSERVATORY, ID","  84.2"," 8","  71.6"," 8","1010.2"," 8","009.7"," 8","  4.3"," 8","  2.8"," 8","  7.0","999.9","  91.4"," ","  78.1"," "," 0.00","I","999.9","000000"
"96745099999","2016-08-05","-6.1833333","106.8333333","8.0","JAKARTA OBSERVATORY, ID","  84.3"," 8","  72.6"," 8","1010.7"," 8","010.1"," 8","  4.2"," 8","  2.3"," 8","  5.1","999.9","  90.3"," ","  77.0"," "," 0.00","I","999.9","000000"
"96745099999","2016-08-06","-6.1833333","106.8333333","8.0","JAKARTA OBSERVATORY, ID","  84.7"," 8","  71.9"," 8","1010.3"," 8","009.8"," 8","  4.2"," 8","  3.1"," 8","  8.0","999.9","  92.5"," ","  78.1"," "," 0.00","I","999.9","000000"
"96745099999","2016-08-07","-6.1833333","106.8333333","8.0","JAKARTA OBSERVATORY, ID","  84.0"," 8","  74.8"," 8","1010.8"," 8","010.2"," 8","  4.2"," 8","  1.6"," 8","  7.0","999.9","  91.0"," ","  78.8"," "," 0.24","A","999.9","010000"
"96745099999","2016-08-08","-6.1833333","106.8333333","8.0","JAKARTA OBSERVATORY, ID","  82.0"," 8","  75.9"," 8","1011.0"," 8","010.5"," 8","  4.0"," 8","  2.4"," 8","  5.1","999.9","  87.1"," ","  78.8","*"," 0.59","A","999.9","000000"
"96745099999","2016-08-09","-6.1833333","106.8333333","8.0","JAKARTA OBSERVATORY, ID","  83.2"," 8","  75.6"," 8","1010.9"," 8","010.5"," 8","  4.0"," 8","  1.9"," 8","  4.1","999.9","  89.6"," ","  78.1"," "," 0.12","A","999.9","010000"
"96745099999","2016-08-10","-6.1833333","106.8333333","8.0","JAKARTA OBSERVATORY, ID","  84.7"," 8","  75.4"," 8","1010.7"," 8","010.3"," 8","  4.3"," 8","  2.2"," 8","  5.1","999.9","  93.2"," ","  77.7"," "," 0.16","A","999.9","010000"
"96745099999","2016-08-11","-6.1833333","106.8333333","8.0","JAKARTA OBSERVATORY, ID","  84.0"," 8","  75.2"," 8","1011.6"," 8","011.1"," 8","  4.0"," 8","  2.4"," 8","  8.0","999.9","  89.6"," ","  78.4"," "," 0.00","I","999.9","000000"
"96745099999","2016-08-12","-6.1833333","106.8333333","8.0","JAKARTA OBSERVATORY, ID","  84.6"," 8","  74.4"," 8","1010.7"," 8","010.3"," 8","  4.0"," 8","  1.0"," 8","  5.1","999.9","  90.0"," ","  78.8"," "," 0.00","I","999.9","000000"
"96745099999","2016-08-13","-6.1833333","106.8333333","8.0","JAKARTA OBSERVATORY, ID","  82.5"," 8","  74.5"," 8","1010.3"," 8","009.8"," 8","  4.2"," 8","  2.4"," 8","  6.0","999.9","  90.0"," ","  74.1"," "," 1.13","B","999.9","010010"
"96745099999","2016-08-14","-6.1833333","106.8333333","8.0","JAKARTA OBSERVATORY, ID","  79.2"," 8","  74.6"," 8","1010.3"," 8","009.9"," 8","  3.7"," 8","  1.0"," 8","  5.1","999.9","  86.0"," ","  77.0"," "," 0.12","C","999.9","010010"
"96745099999","2016-08-15","-6.1833333","106.8333333","8.0","JAKARTA OBSERVATORY, ID","  83.5"," 8","  74.8"," 8","1009.7"," 8","009.3"," 8","  4.0"," 8","  1.0"," 8","  5.1","999.9","  89.6"," ","  76.8"," "," 0.00","I","999.9","000000"
"96745099999","2016-08-16","-6.1833333","106.8333333","8.0","JAKARTA OBSERVATORY, ID","  83.0"," 8","  74.2"," 8","1010.5"," 8","010.0"," 8","  4.2"," 8","  2.6"," 8","  5.1","999.9","  88.5"," ","  78.1"," "," 0.00","I","999.9","000000"
"96745099999","2016-08-17","-6.1833333","106.8333333","8.0","JAKARTA OBSERVATORY, ID","  85.7"," 8","  75.2"," 8","1009.1"," 8","008.6"," 8","  4.2"," 8","  3.3"," 8","  7.0","999.9","  93.2"," ","  77.7"," "," 0.00","I","999.9","000000"
"96745099999","2016-08-18","-6.1833333","106.8333333","8.0","JAKARTA OBSERVATORY, ID","  84.0"," 8","  75.3"," 8","1008.9"," 8","008.4"," 8","  4.0"," 8","  1.9"," 8","  5.1","999.9","  89.2"," ","  78.8"," "," 0.00","I","999.9","000000"
"96745099999","2016-08-19","-6.1833333","106.8333333","8.0","JAKARTA OBSERVATORY, ID","  82.4"," 8","  74.9"," 8","1008.8"," 8","008.3"," 8","  4.1"," 8","  2.9"," 8","  5.1","999.9","  89.6"," ","  75.6","*"," 1.97","A","999.9","010010"
"96745099999","2016-08-20","-6.1833333","106.8333333","8.0","JAKARTA OBSERVATORY, ID","  83.4"," 8","  72.6"," 8","1009.1"," 8","008.6"," 8","  4.3"," 8","  2.9"," 8","  7.0","999.9","  88.9"," ","  75.2"," "," 0.00","I","999.9","000000"
"96745099999","2016-08-21","-6.1833333","106.8333333","8.0","JAKARTA OBSERVATORY, ID","  83.6"," 8","  73.4"," 8","1009.3"," 8","008.8"," 8","  4.3"," 8","  2.7"," 8","  5.1","999.9","  87.8","*","  77.0"," "," 0.00","A","999.9","000000"
"96745099999","2016-08-22","-6.1833333","106.8333333","8.0","JAKARTA OBSERVATORY, ID","  83.4"," 8","  74.0"," 8","1008.7"," 8","008.2"," 8","  4.3"," 8","  2.8"," 8","  5.1","999.9","  89.6"," ","  78.4"," ","99.99"," ","999.9","010000"
"96745099999","2016-08-23","-6.1833333","106.8333333","8.0","JAKARTA OBSERVATORY, ID","  82.2"," 8","  74.1"," 8","1007.8"," 8","007.3"," 8","  3.7"," 8","  2.6"," 8","  7.0","999.9","  87.8"," ","  77.5","*"," 0.39","A","999.9","010000"
"96745099999","2016-08-24","-6.1833333","106.8333333","8.0","JAKARTA OBSERVATORY, ID","  83.0"," 8","  74.4"," 8","1008.1"," 8","007.6"," 8","  4.1"," 8","  3.3"," 8","  8.0","999.9","  87.4"," ","  76.6"," "," 0.00","I","999.9","000000"
"96745099999","2016-08-25","-6.1833333","106.8333333","8.0","JAKARTA OBSERVATORY, ID","  83.1"," 8","  73.4"," 8","1009.2"," 8","008.8"," 8","  4.0"," 8","  2.4"," 8","  7.0","999.9","  89.6"," ","  77.0"," "," 0.00","I","999.9","000000"
"96745099999","2016-08-26","-6.1833333","106.8333333","8.0","JAKARTA OBSERVATORY, ID","  84.2"," 8","  75.1"," 8","1009.9"," 8","009.4"," 8","  4.2"," 8","  1.9"," 8","  6.0","999.9","  89.6"," ","  78.8"," "," 0.00","I","999.9","000000"
"96745099999","2016-08-27","-6.1833333","106.8333333","8.0","JAKARTA OBSERVATORY, ID","  83.4"," 7","  75.6"," 7","1010.9"," 7","010.4"," 7","  4.3"," 7","  4.0"," 7","  8.0","999.9","  91.4"," ","  79.2"," "," 0.16","A","999.9","000000"
"96745099999","2016-08-28","-6.1833333","106.8333333","8.0","JAKARTA OBSERVATORY, ID","  84.2"," 8","  75.4"," 8","1010.8"," 8","010.3"," 8","  4.1"," 8","  2.4"," 8","  7.0","999.9","  89.6"," ","  77.0"," "," 0.00","I","999.9","000000"
"96745099999","2016-08-29","-6.1833333","106.8333333","8.0","JAKARTA OBSERVATORY, ID","  82.6"," 8","  76.8"," 8","1010.6"," 8","010.1"," 8","  3.8"," 8","  0.0"," 8","999.9","999.9","  88.2","*","  78.8"," "," 0.51","A","999.9","010000"
"96745099999","2016-08-30","-6.1833333","106.8333333","8.0","JAKARTA OBSERVATORY, ID","  80.1"," 8","  75.6"," 8","1011.0"," 8","010.5"," 8","  3.7"," 8","  2.0"," 8","  6.0","999.9","  87.4"," ","  75.6","*"," 1.69","B","999.9","010010"
"96745099999","2016-08-31","-6.1833333","106.8333333","8.0","JAKARTA OBSERVATORY, ID","  84.3"," 8","  75.2"," 8","1011.7"," 8","011.2"," 8","  4.0"," 8","  2.8"," 8","  7.0","999.9","  91.8"," ","  75.6"," "," 0.00","I","999.9","000000"
"96745099999","2016-09-01","-6.1833333","106.8333333","8.0","JAKARTA OBSERVATORY, ID","  84.1"," 8","  75.0"," 8","1010.9"," 8","010.4"," 8","  4.1"," 8","  3.0"," 8"," 11.1","999.9","  91.4"," ","  77.0"," "," 0.00","A","999.9","000000"
"96745099999","2016-09-02","-6.1833333","106.8333333","8.0","JAKARTA OBSERVATORY, ID","  84.1"," 8","  76.3"," 8","1010.1"," 8","009.6"," 8","  4.0"," 8","  2.4"," 8","  5.1","999.9","  89.6"," ","  78.8"," "," 0.00","I","999.9","000000"
"96745099999","2016-09-03","-6.1833333","106.8333333","8.0","JAKARTA OBSERVATORY, ID","  83.7"," 8","  75.4"," 8","1010.3"," 8","009.8"," 8","  4.2"," 8","  2.0"," 8","  6.0","999.9","  88.9"," ","  78.6"," "," 0.00","I","999.9","000000"
"96745099999","2016-09-04","-6.1833333","106.8333333","8.0","JAKARTA OBSERVATORY, ID","  84.0"," 8","  75.4"," 8","1011.0"," 8","010.5"," 8","  4.1"," 8","  3.3"," 8","  7.0","999.9","  91.4"," ","  76.3","*"," 2.13","A","999.9","010000"
"96745099999","2016-09-05","-6.1833333","106.8333333","8.0","JAKARTA OBSERVATORY, ID","  84.3"," 8","  74.7"," 8","1011.5"," 8","011.0"," 8","  4.0"," 8","  3.4"," 8","  8.0","999.9","  91.0"," ","  77.0"," "," 0.00","I","999.9","000000"
"96745099999","2016-09-06","-6.1833333","106.8333333","8.0","JAKARTA OBSERVATORY, ID","  83.6"," 8","  74.5"," 8","1012.0"," 8","011.5"," 8","  4.0"," 8","  3.1"," 8","  7.0","999.9","  91.0"," ","  76.6","*"," 0.31","A","999.9","010000"
"96745099999","2016-09-07","-6.1833333","106.8333333","8.0","JAKARTA OBSERVATORY, ID","  81.4"," 8","  74.2"," 8","1011.9"," 8","011.3"," 8","  4.0"," 8","  3.1"," 8","  8.0","999.9","  88.9","*","  76.3"," "," 0.02","A","999.9","010010"
"96745099999","2016-09-08","-6.1833333","106.8333333","8.0","JAKARTA OBSERVATORY, ID","  82.6"," 8","  74.6"," 8","1012.2"," 8","011.8"," 8","  4.0"," 8","  1.8"," 8","  5.1","999.9","  87.8"," ","  77.0"," "," 0.00","I","999.9","000000"
"96745099999","2016-09-09","-6.1833333","106.8333333","8.0","JAKARTA OBSERVATORY, ID","  85.4"," 8","  74.2"," 8","1011.8"," 8","011.3"," 8","  4.0"," 8","  1.3"," 8","  6.0","999.9","  91.4"," ","  77.7"," "," 0.00","I","999.9","000000"
"96745099999","2016-09-10","-6.1833333","106.8333333","8.0","JAKARTA OBSERVATORY, ID","  85.8"," 8","  73.0"," 8","1009.8"," 8","009.3"," 8","  4.3"," 8","  2.8"," 8","  6.0","999.9","  90.7"," ","  80.6"," "," 0.00","I","999.9","000000"
"96745099999","2016-09-11","-6.1833333","106.8333333","8.0","JAKARTA OBSERVATORY, ID","  84.3"," 8","  72.5"," 8","1009.8"," 8","009.3"," 8","  4.3"," 8","  0.9"," 8","  4.1","999.9","  93.6"," ","  77.0"," "," 0.00","I","999.9","000000"
"96745099999","2016-09-12","-6.1833333","106.8333333","8.0","JAKARTA OBSERVATORY, ID","  82.5"," 8","  72.7"," 7","1010.5"," 8","010.0"," 8","  4.3"," 8","  2.4"," 8","  8.9","999.9","  90.0"," ","  64.8","*"," 0.00","I","999.9","000000"
"96745099999","2016-09-13","-6.1833333","106.8333333","8.0","JAKARTA OBSERVATORY, ID","  85.3"," 8","  72.6"," 8","1010.6"," 8","010.1"," 8","  4.3"," 8","  3.1"," 8","  8.0","999.9","  89.2","*","  79.2"," "," 0.00","I","999.9","000000"
"96745099999","2016-09-14","-6.1833333","106.8333333","8.0","JAKARTA OBSERVATORY, ID","  83.4"," 8","  74.2"," 8","1010.4"," 8","009.9"," 8","  3.8"," 8","  1.4"," 8","  4.1","999.9","  90.0"," ","  77.9","*"," 0.24","A","999.9","010010"
"96745099999","2016-09-15","-6.1833333","106.8333333","8.0","JAKARTA OBSERVATORY, ID","  82.8"," 8","  74.9"," 8","1010.0"," 8","009.5"," 8","  4.0"," 8","  1.1"," 8","  2.9","999.9","  91.0"," ","  77.7"," "," 0.12","A","999.9","010000"
"96745099999","2016-09-16","-6.1833333","106.8333333","8.0","JAKARTA OBSERVATORY, ID","  84.9"," 8","  75.4"," 8","1009.7"," 8","009.1"," 8","  4.3"," 8","  2.6"," 8","  6.0","999.9","  90.7"," ","  78.4"," "," 0.00","I","999.9","000000"
"96745099999","2016-09-17","-6.1833333","106.8333333","8.0","JAKARTA OBSERVATORY, ID","  82.9"," 8","  75.2"," 8","1009.6"," 8","009.1"," 8","  3.7"," 8","  2.4"," 8","  5.1","999.9","  89.6"," ","  78.4","*","99.99"," ","999.9","010000"
"96745099999","2016-09-18","-6.1833333","106.8333333","8.0","JAKARTA OBSERVATORY, ID","  84.0"," 8","  75.9"," 8","1009.4"," 8","008.9"," 8","  3.9"," 8","  0.4"," 8","  2.9","999.9","  91.4"," ","  77.7"," "," 0.00","I","999.9","000000"
"96745099999","2016-09-19","-6.1833333","106.8333333","8.0","JAKARTA OBSERVATORY, ID","  82.0"," 8","  76.5"," 8","1008.6"," 8","008.1"," 8","  4.0"," 8","  3.4"," 8","  8.0","999.9","  88.9"," ","  78.8","*"," 0.51","B","999.9","010010"
"96745099999","2016-09-20","-6.1833333","106.8333333","8.0","JAKARTA OBSERVATORY, ID","  85.0"," 8","  73.8"," 8","1008.6"," 8","008.1"," 8","  4.2"," 8","  4.0"," 8","  8.0","999.9","  92.5"," ","  79.0"," "," 0.00","I","999.9","000000"
"96745099999","2016-09-21","-6.1833333","106.8333333","8.0","JAKARTA OBSERVATORY, ID","  82.0"," 8","  74.9"," 8","1010.2"," 8","009.7"," 8","  4.0"," 8","  2.0"," 8","  6.0","999.9","  90.7"," ","  79.2","*"," 0.28","B","999.9","010000"
"96745099999","2016-09-22","-6.1833333","106.8333333","8.0","JAKARTA OBSERVATORY, ID","  82.6"," 8","  75.2"," 8","1010.0"," 8","009.7"," 8","  4.0"," 8","  1.7"," 8","  7.0","999.9","  86.7"," ","  78.8"," "," 0.00","I","999.9","000000"
"96745099999","2016-09-23","-6.1833333","106.8333333","8.0","JAKARTA OBSERVATORY, ID","  81.7"," 8","  75.8"," 8","1009.0"," 8","008.5"," 8","  4.2"," 8","  1.8"," 8","  6.0","999.9","  88.5","*","  77.7"," "," 0.08","A","999.9","010000"
"96745099999","2016-09-24","-6.1833333","106.8333333","8.0","JAKARTA OBSERVATORY, ID","  80.9"," 8","  74.3"," 8","1008.5"," 8","008.0"," 8","  4.0"," 8","  2.5"," 8","  7.0","999.9","  90.0"," ","  77.7"," "," 0.02","B","999.9","010001"
"96745099999","2016-09-25","-6.1833333","106.8333333","8.0","JAKARTA OBSERVATORY, ID","  82.9"," 8","  75.6"," 8","1009.3"," 8","008.8"," 8","  4.0"," 8","  3.9"," 8","  7.0","999.9","  90.5","*","  76.3","*"," 0.91","A","999.9","010000"
"96745099999","2016-09-26","-6.1833333","106.8333333","8.0","JAKARTA OBSERVATORY, ID","  84.2"," 8","  73.4"," 8","1009.3"," 8","008.8"," 8","  4.2"," 8","  3.4"," 8","  8.0","999.9","  90.0"," ","  77.0"," "," 0.00","I","999.9","000000"
"96745099999","2016-09-27","-6.1833333","106.8333333","8.0","JAKARTA OBSERVATORY, ID","  83.9"," 8","  74.0"," 8","1009.7"," 8","009.2"," 8","  3.9"," 8","  2.0"," 8","  5.1","999.9","  90.0"," ","  77.7"," ","99.99"," ","999.9","010000"
"96745099999","2016-09-28","-6.1833333","106.8333333","8.0","JAKARTA OBSERVATORY, ID","  83.3"," 8","  73.6"," 8","1009.1"," 8","008.6"," 8","  4.1"," 8","  2.8"," 8","  7.0","999.9","  91.0"," ","  75.6","*"," 0.24","A","999.9","010000"
"96745099999","2016-09-29","-6.1833333","106.8333333","8.0","JAKARTA OBSERVATORY, ID","  83.6"," 8","  75.3"," 8","1008.8"," 8","008.3"," 8","  4.1"," 8","  2.8"," 8","  5.1","999.9","  90.0"," ","  75.6"," ","99.99"," ","999.9","010000"
"96745099999","2016-09-30","-6.1833333","106.8333333","8.0","JAKARTA OBSERVATORY, ID","  81.5"," 8","  75.3"," 8","1009.3"," 8","008.8"," 8","  3.5"," 8","  1.9"," 8","  5.1","999.9","  85.6"," ","  77.0"," "," 0.08","A","999.9","010010"
"96745099999","2016-10-01","-6.1833333","106.8333333","8.0","JAKARTA OBSERVATORY, ID","  85.4"," 8","  73.9"," 8","1009.7"," 8","009.2"," 8","  4.3"," 8","  4.1"," 8","  8.0","999.9","  91.4"," ","  79.2"," "," 0.00","I","999.9","000000"
"96745099999","2016-10-02","-6.1833333","106.8333333","8.0","JAKARTA OBSERVATORY, ID","  82.8"," 8","  72.8"," 8","1010.8"," 8","010.3"," 8","  3.9"," 8","  4.7"," 8","  7.0","999.9","  91.0"," ","  78.8"," "," 0.00","I","999.9","000000"
"96745099999","2016-10-03","-6.1833333","106.8333333","8.0","JAKARTA OBSERVATORY, ID","  83.6"," 8","  70.8"," 8","1009.5"," 8","008.7"," 8","  4.1"," 8","  2.9"," 8","  8.0","999.9","  92.5"," ","  79.2"," "," 0.03","A","999.9","000000"
"96745099999","2016-10-04","-6.1833333","106.8333333","8.0","JAKARTA OBSERVATORY, ID","  81.5"," 8","  74.6"," 8","1009.2"," 8","008.7"," 8","  3.9"," 8","  1.6"," 8","  8.0","999.9","  89.2"," ","  78.8"," "," 0.16","A","999.9","010000"
"96745099999","2016-10-05","-6.1833333","106.8333333","8.0","JAKARTA OBSERVATORY, ID","  83.1"," 8","  74.2"," 8","1009.5"," 8","009.0"," 8","  4.1"," 8","  0.8"," 8","  4.1","999.9","  90.7"," ","  77.4"," "," 0.00","B","999.9","010000"
"96745099999","2016-10-06","-6.1833333","106.8333333","8.0","JAKARTA OBSERVATORY, ID","  83.7"," 7","  74.4"," 7","1010.0"," 7","009.5"," 7","  3.9"," 7","  3.6"," 7","  7.0","999.9","  89.2"," ","  78.8","*"," 0.12","C","999.9","010000"
"96745099999","2016-10-07","-6.1833333","106.8333333","8.0","JAKARTA OBSERVATORY, ID","  84.3"," 8","  74.5"," 8","1010.8"," 8","010.3"," 8","  3.9"," 8","  3.9"," 8","  6.0","999.9","  90.7"," ","  77.0"," "," 0.00","I","999.9","000000"
"96745099999","2016-10-08","-6.1833333","106.8333333","8.0","JAKARTA OBSERVATORY, ID","  81.5"," 8","  74.4"," 8","1011.6"," 8","011.2"," 8","  3.5"," 8","  1.1"," 8","  5.1","999.9","  87.4"," ","  77.7","*"," 0.08","C","999.9","010000"
"96745099999","2016-10-09","-6.1833333","106.8333333","8.0","JAKARTA OBSERVATORY, ID","  82.3"," 7","  73.2"," 7","1010.3"," 7","009.8"," 6","  3.9"," 7","  2.3"," 7","  4.1","999.9","  90.7"," ","  77.0"," "," 0.20","A","999.9","010000"
"96745099999","2016-10-10","-6.1833333","106.8333333","8.0","JAKARTA OBSERVATORY, ID","  80.5"," 8","  74.8"," 7","1010.1"," 8","009.6"," 8","  3.9"," 8","  2.0"," 8","  6.0","999.9","  87.1"," ","  74.1","*"," 0.35","A","999.9","010000"
"96745099999","2016-10-11","-6.1833333","106.8333333","8.0","JAKARTA OBSERVATORY, ID","  82.2"," 7","  75.8"," 7","1009.1"," 7","008.7"," 7","  3.8"," 7","  1.3"," 7","  5.1","999.9","  91.0"," ","  78.1","*"," 0.59","B","999.9","010000"
"96745099999","2016-10-12","-6.1833333","106.8333333","8.0","JAKARTA OBSERVATORY, ID","  81.1"," 8","  75.7"," 8","1008.8"," 8","008.4"," 8","  3.8"," 8","  0.8"," 8","  4.1","999.9","  84.2","*","  77.7"," "," 0.02","A","999.9","010000"
"96745099999","2016-10-13","-6.1833333","106.8333333","8.0","JAKARTA OBSERVATORY, ID","  81.8"," 8","  75.4"," 8","1009.0"," 8","008.5"," 8","  3.7"," 8","  2.7"," 8","  7.0","999.9","  89.2"," ","  78.8"," "," 0.08","A","999.9","010010"
"96745099999","2016-10-14","-6.1833333","106.8333333","8.0","JAKARTA OBSERVATORY, ID","  82.2"," 8","  74.0"," 8","1009.2"," 8","008.7"," 8","  4.0"," 8","  4.2"," 8","  5.1","999.9","  86.4"," ","  78.4"," "," 0.00","I","999.9","000000"
"96745099999","2016-10-15","-6.1833333","106.8333333","8.0","JAKARTA OBSERVATORY, ID","  81.1"," 8","  75.1"," 8","1009.5"," 8","009.0"," 8","  4.0"," 8","  2.0"," 8","  7.0","999.9","  86.7","*","  78.3","*","99.99"," ","999.9","010000"
"96745099999","2016-10-16","-6.1833333","106.8333333","8.0","JAKARTA OBSERVATORY, ID","  85.4"," 8","  74.1"," 8","1009.3"," 8","008.7"," 7","  4.0"," 8","  1.9"," 8","  7.0","999.9","  92.5"," ","  77.2"," "," 0.00","I","999.9","000000"
"96745099999","2016-10-17","-6.1833333","106.8333333","8.0","JAKARTA OBSERVATORY, ID","  85.3"," 8","  73.2"," 8","1009.0"," 8","008.5"," 8","  4.3"," 8","  3.7"," 8","  6.0","999.9","  91.0"," ","  79.0"," "," 0.00","I","999.9","000000"
"96745099999","2016-10-18","-6.1833333","106.8333333","8.0","JAKARTA OBSERVATORY, ID","  85.4"," 8","  73.8"," 8","1008.5"," 8","008.0"," 8","  4.0"," 8","  1.2"," 8","  7.0","999.9","  92.1"," ","  80.6","*"," 0.00","I","999.9","000000"
"96745099999","2016-10-19","-6.1833333","106.8333333","8.0","JAKARTA OBSERVATORY, ID","  85.6"," 8","  74.5"," 8","1008.0"," 8","007.5"," 8","  4.0"," 8","  3.0"," 8","  6.0","999.9","  92.8"," ","  80.6"," "," 0.00","I","999.9","000000"
"96745099999","2016-10-20","-6.1833333","106.8333333","8.0","JAKARTA OBSERVATORY, ID","  85.9"," 8","  74.3"," 8","1008.3"," 8","007.8"," 8","  4.3"," 8","  1.7"," 8","  5.1","999.9","  91.0"," ","  81.0"," "," 0.00","I","999.9","000000"
"96745099999","2016-10-21","-6.1833333","106.8333333","8.0","JAKARTA OBSERVATORY, ID","  82.5"," 8","  76.5"," 8","1009.2"," 8","008.8"," 8","  3.6"," 8","  1.1"," 8","  6.0","999.9","  90.3"," ","  78.8","*"," 0.63","B","999.9","010010"
"96745099999","2016-10-22","-6.1833333","106.8333333","8.0","JAKARTA OBSERVATORY, ID","  83.1"," 8","  76.1"," 8","1009.6"," 8","009.1"," 8","  4.0"," 8","  1.7"," 8","  6.0","999.9","  89.6"," ","  78.3","*"," 0.12","B","999.9","010010"
"96745099999","2016-10-23","-6.1833333","106.8333333","8.0","JAKARTA OBSERVATORY, ID","  78.0"," 8","  74.6"," 8","1010.6"," 8","010.1"," 8","  3.7"," 8","  1.8"," 8","  5.1","999.9","  85.3"," ","  76.6","*"," 0.82","B","999.9","010000"
"96745099999","2016-10-24","-6.1833333","106.8333333","8.0","JAKARTA OBSERVATORY, ID","  82.1"," 8","  74.6"," 8","1009.2"," 8","008.8"," 8","  3.7"," 8","  1.4"," 8","  5.1","999.9","  89.2"," ","  75.9","*","99.99"," ","999.9","010000"
"96745099999","2016-10-25","-6.1833333","106.8333333","8.0","JAKARTA OBSERVATORY, ID","  83.7"," 8","  74.7"," 8","1009.6"," 8","009.1"," 8","  4.3"," 8","  3.1"," 8","  8.0","999.9","  88.5"," ","  75.6"," ","99.99"," ","999.9","010000"
"96745099999","2016-10-26","-6.1833333","106.8333333","8.0","JAKARTA OBSERVATORY, ID","  84.8"," 7","  74.4"," 7","1010.6"," 7","010.1"," 7","  4.2"," 7","  2.2"," 7","  7.0","999.9","  88.9","*","  79.0","*","99.99"," ","999.9","010000"
"96745099999","2016-10-27","-6.1833333","106.8333333","8.0","JAKARTA OBSERVATORY, ID","  82.1"," 8","  74.7"," 8","1011.2"," 8","010.7"," 8","  3.9"," 8","  1.9"," 8","  4.1","999.9","  88.5"," ","  78.4"," "," 0.00","I","999.9","000000"
"96745099999","2016-10-28","-6.1833333","106.8333333","8.0","JAKARTA OBSERVATORY, ID","  81.1"," 8","  74.5"," 8","1010.4"," 8","009.9"," 8","  4.0"," 8","  1.7"," 8","  5.1","999.9","  88.9"," ","  77.9","*"," 0.51","A","999.9","010010"
"96745099999","2016-10-29","-6.1833333","106.8333333","8.0","JAKARTA OBSERVATORY, ID","  81.2"," 7","  74.4"," 7","1009.8"," 7","009.3"," 7","  4.1"," 7","  2.4"," 7","  5.1","999.9","  92.1"," ","  77.7"," "," 0.00","I","999.9","000000"
"96745099999","2016-10-30","-6.1833333","106.8333333","8.0","JAKARTA OBSERVATORY, ID","  83.0"," 8","  73.9"," 8","1010.3"," 8","009.8"," 8","  4.0"," 8","  4.2"," 8","  9.9","999.9","  90.0"," ","  78.8","*"," 0.00","I","999.9","000000"
"96745099999","2016-10-31","-6.1833333","106.8333333","8.0","JAKARTA OBSERVATORY, ID","  83.8"," 8","  73.9"," 8","1010.3"," 8","009.8"," 8","  4.0"," 8","  3.7"," 8","  8.9","999.9","  91.0"," ","  78.4"," "," 0.00","I","999.9","000000"
"96745099999","2016-11-01","-6.1833333","106.8333333","8.0","JAKARTA OBSERVATORY, ID","  82.8"," 8","  74.2"," 8","1009.1"," 8","008.6"," 8","  4.0"," 8","  4.0"," 8","  8.0","999.9","  93.2"," ","  79.2"," ","99.99"," ","999.9","010000"
"96745099999","2016-11-02","-6.1833333","106.8333333","8.0","JAKARTA OBSERVATORY, ID","  84.4"," 8","  73.6"," 8","1009.5"," 8","009.0"," 8","  4.0"," 8","  3.5"," 8","  5.1","999.9","  91.8"," ","  77.0"," "," 0.00","I","999.9","000000"
"96745099999","2016-11-03","-6.1833333","106.8333333","8.0","JAKARTA OBSERVATORY, ID","  83.8"," 8","  74.5"," 8","1009.9"," 8","009.4"," 8","  4.0"," 8","  2.5"," 8","  6.0","999.9","  89.6"," ","  80.2"," ","99.99"," ","999.9","010000"
"96745099999","2016-11-04","-6.1833333","106.8333333","8.0","JAKARTA OBSERVATORY, ID","  83.6"," 8","  73.3"," 8","1009.9"," 8","009.4"," 8","  4.0"," 8","  2.5"," 8","  7.0","999.9","  87.8","*","  78.4"," "," 0.00","I","999.9","000000"
"96745099999","2016-11-05","-6.1833333","106.8333333","8.0","JAKARTA OBSERVATORY, ID","  84.5"," 8","  74.2"," 8","1010.2"," 8","009.7"," 8","  3.8"," 8","  1.5"," 8","  5.1","999.9","  88.9"," ","  77.0"," "," 0.00","I","999.9","000000"
"96745099999","2016-11-06","-6.1833333","106.8333333","8.0","JAKARTA OBSERVATORY, ID","  84.4"," 8","  73.9"," 8","1011.0"," 8","010.6"," 8","  4.0"," 8","  3.9"," 8"," 11.1","999.9","  90.3"," ","  80.2"," "," 0.00","I","999.9","000000"
"96745099999","2016-11-07","-6.1833333","106.8333333","8.0","JAKARTA OBSERVATORY, ID","  86.3"," 8","  75.9"," 8","1010.7"," 8","010.2"," 8","  4.3"," 8","  2.6"," 8","  6.0","999.9","  92.5"," ","  80.2"," "," 0.00","I","999.9","000000"
"96745099999","2016-11-08","-6.1833333","106.8333333","8.0","JAKARTA OBSERVATORY, ID","  81.6"," 8","  75.4"," 8","1011.3"," 8","010.8"," 8","  3.7"," 8","  0.6"," 8","  5.1","999.9","  88.9"," ","  76.3","*"," 2.01","B","999.9","010000"
"96745099999","2016-11-09","-6.1833333","106.8333333","8.0","JAKARTA OBSERVATORY, ID","  82.8"," 8","  74.0"," 8","1011.7"," 8","011.3"," 8","  4.1"," 8","  3.1"," 8","  7.0","999.9","  90.0"," ","  76.6"," "," 0.00","I","999.9","000000"
"96745099999","2016-11-10","-6.1833333","106.8333333","8.0","JAKARTA OBSERVATORY, ID","  82.4"," 8","  74.4"," 8","1011.2"," 8","010.8"," 8","  4.3"," 8","  4.2"," 8","  8.0","999.9","  88.7","*","  78.1","*"," 0.00","I","999.9","000000"
"96745099999","2016-11-11","-6.1833333","106.8333333","8.0","JAKARTA OBSERVATORY, ID","  80.2"," 8","  75.0"," 8","1010.6"," 8","010.1"," 8","  4.0"," 8","  2.0"," 8","  6.0","999.9","  87.8"," ","  77.0"," "," 0.12","A","999.9","010010"
"96745099999","2016-11-12","-6.1833333","106.8333333","8.0","JAKARTA OBSERVATORY, ID","  82.5"," 8","  75.8"," 8","1010.1"," 8","009.6"," 8","  3.8"," 8","  1.6"," 8","  5.1","999.9","  89.6"," ","  77.0"," "," 0.39","A","999.9","010010"
"96745099999","2016-11-13","-6.1833333","106.8333333","8.0","JAKARTA OBSERVATORY, ID","  80.4"," 8","  75.3"," 8","1009.8"," 7","009.3"," 7","  3.7"," 8","  3.5"," 8","  8.0","999.9","  86.9","*","  75.9","*"," 0.12","B","999.9","010010"
"96745099999","2016-11-14","-6.1833333","106.8333333","8.0","JAKARTA OBSERVATORY, ID","  82.5"," 8","  74.6"," 8","1009.4"," 8","008.9"," 8","  4.0"," 8","  3.6"," 8","  8.0","999.9","  88.9"," ","  77.0"," "," 0.00","I","999.9","000000"
"96745099999","2016-11-15","-6.1833333","106.8333333","8.0","JAKARTA OBSERVATORY, ID","  81.6"," 8","  73.6"," 8","1009.6"," 8","009.1"," 8","  4.0"," 8","  1.1"," 8","  5.1","999.9","  90.3"," ","  77.4","*"," 0.12","A","999.9","010010"
"96745099999","2016-11-16","-6.1833333","106.8333333","8.0","JAKARTA OBSERVATORY, ID","  84.4"," 8","  74.8"," 8","1009.2"," 8","008.7"," 8","  4.3"," 8","  3.1"," 8","  8.0","999.9","  89.6","*","  77.0"," ","99.99"," ","999.9","010000"
"96745099999","2016-11-17","-6.1833333","106.8333333","8.0","JAKARTA OBSERVATORY, ID","  84.7"," 8","  74.3"," 8","1008.4"," 8","007.9"," 8","  4.0"," 8","  1.9"," 8","  4.1","999.9","  90.3"," ","  77.0"," "," 0.00","I","999.9","000000"
"96745099999","2016-11-18","-6.1833333","106.8333333","8.0","JAKARTA OBSERVATORY, ID","  82.6"," 8","  74.5"," 8","1008.5"," 8","008.0"," 8","  4.2"," 8","  1.0"," 8","  4.1","999.9","  88.5"," ","  79.2","*"," 0.01","A","999.9","000000"
"96745099999","2016-11-19","-6.1833333","106.8333333","8.0","JAKARTA OBSERVATORY, ID","  85.9"," 8","  75.0"," 8","1008.0"," 8","007.5"," 8","  4.3"," 8","  3.1"," 8","  9.9","999.9","  92.5","*","  78.4"," "," 0.00","I","999.9","000000"
"96745099999","2016-11-20","-6.1833333","106.8333333","8.0","JAKARTA OBSERVATORY, ID","  83.5"," 8","  76.1"," 8","1007.6"," 8","007.1"," 8","  4.0"," 8","  1.5"," 8","  6.0","999.9","  91.4"," ","  78.8"," "," 0.28","A","999.9","000000"
"96745099999","2016-11-21","-6.1833333","106.8333333","8.0","JAKARTA OBSERVATORY, ID","  81.6"," 8","  75.6"," 8","1008.8"," 8","008.3"," 8","  4.2"," 8","  2.2"," 8","  5.1","999.9","  87.4"," ","  77.7","*"," 1.03","B","999.9","010000"
"96745099999","2016-11-22","-6.1833333","106.8333333","8.0","JAKARTA OBSERVATORY, ID","  82.7"," 8","  74.1"," 8","1009.4"," 8","008.9"," 8","  4.2"," 8","  2.9"," 8","  7.0","999.9","  90.3"," ","  77.0"," "," 0.02","A","999.9","010000"
"96745099999","2016-11-23","-6.1833333","106.8333333","8.0","JAKARTA OBSERVATORY, ID","  83.8"," 7","  74.9"," 7","1008.2"," 7","007.7"," 7","  4.0"," 7","  2.7"," 7","  8.0","999.9","  89.6"," ","  80.4","*"," 0.00","I","999.9","000000"
"96745099999","2016-11-24","-6.1833333","106.8333333","8.0","JAKARTA OBSERVATORY, ID","  83.8"," 7","  73.2"," 7","1008.0"," 7","007.5"," 7","  4.2"," 7","  2.3"," 7","  5.1","999.9","  89.6"," ","  78.4"," "," 0.00","I","999.9","000000"
"96745099999","2016-11-25","-6.1833333","106.8333333","8.0","JAKARTA OBSERVATORY, ID","  83.6"," 8","  74.5"," 8","1008.4"," 8","007.9"," 8","  4.3"," 8","  3.2"," 8","  8.0","999.9","  89.6"," ","  80.4"," "," 0.00","I","999.9","000000"
"96745099999","2016-11-26","-6.1833333","106.8333333","8.0","JAKARTA OBSERVATORY, ID","  83.8"," 8","  75.8"," 8","1008.3"," 8","007.8"," 8","  4.2"," 8","  1.7"," 8","  5.1","999.9","  87.8","*","  78.8"," ","99.99"," ","999.9","010000"
"96745099999","2016-11-27","-6.1833333","106.8333333","8.0","JAKARTA OBSERVATORY, ID","  84.4"," 8","  75.9"," 8","1008.5"," 8","008.0"," 8","  4.1"," 8","  1.1"," 8","  6.0","999.9","  90.0"," ","  78.6","*","99.99"," ","999.9","010010"
"96745099999","2016-11-28","-6.1833333","106.8333333","8.0","JAKARTA OBSERVATORY, ID","  83.1"," 8","  76.1"," 8","1009.8"," 8","009.3"," 8","  4.0"," 8","  2.8"," 8","  7.0","999.9","  88.5"," ","  78.1"," "," 0.00","B","999.9","010000"
"96745099999","2016-11-29","-6.1833333","106.8333333","8.0","JAKARTA OBSERVATORY, ID","  82.2"," 8","  74.4"," 8","1010.2"," 8","009.7"," 8","  4.1"," 8","  2.7"," 8","  5.1","999.9","  86.0"," ","  77.0"," "," 0.00","I","999.9","000000"
"96745099999","2016-11-30","-6.1833333","106.8333333","8.0","JAKARTA OBSERVATORY, ID","  83.3"," 7","  74.3"," 7","1011.0"," 7","010.5"," 7","  3.9"," 7","  1.9"," 7","  6.0","999.9","  87.8"," ","  77.7"," "," 0.00","I","999.9","000000"
"96745099999","2016-12-01","-6.1833333","106.8333333","8.0","JAKARTA OBSERVATORY, ID","  84.2"," 7","  72.9"," 7","1010.0"," 7","009.5"," 7","  4.3"," 7","  5.5"," 7","  9.9","999.9","  90.0"," ","  78.8"," "," 0.00","I","999.9","000000"
"96745099999","2016-12-02","-6.1833333","106.8333333","8.0","JAKARTA OBSERVATORY, ID","  79.9"," 8","  73.5"," 8","1010.5"," 8","010.0"," 8","  3.9"," 8","  4.9"," 8","  9.9","999.9","  86.4"," ","  77.7","*"," 0.20","A","999.9","010000"
"96745099999","2016-12-03","-6.1833333","106.8333333","8.0","JAKARTA OBSERVATORY, ID","  82.8"," 8","  73.6"," 8","1009.2"," 8","008.7"," 8","  4.1"," 8","  5.4"," 8","  8.0","999.9","  91.0"," ","  77.4"," "," 0.00","B","999.9","010000"
"96745099999","2016-12-04","-6.1833333","106.8333333","8.0","JAKARTA OBSERVATORY, ID","  77.9"," 8","  73.5"," 7","1009.7"," 8","009.2"," 8","  3.7"," 8","  5.6"," 8"," 12.0","999.9","  86.0"," ","  75.9","*"," 0.51","B","999.9","010000"
"96745099999","2016-12-05","-6.1833333","106.8333333","8.0","JAKARTA OBSERVATORY, ID","  79.8"," 8","  73.2"," 8","1008.7"," 8","008.3"," 8","  3.8"," 8","  6.1"," 8","  9.9","999.9","  83.1"," ","  75.2"," "," 0.08","A","999.9","010000"
"96745099999","2016-12-06","-6.1833333","106.8333333","8.0","JAKARTA OBSERVATORY, ID","  81.3"," 8","  73.6"," 7","1007.8"," 8","007.3"," 8","  4.3"," 8","  3.9"," 8","  8.9","999.9","  87.1"," ","  73.6","*"," 0.00","I","999.9","000000"
"96745099999","2016-12-07","-6.1833333","106.8333333","8.0","JAKARTA OBSERVATORY, ID","  83.4"," 7","  76.0"," 7","1008.2"," 7","007.7"," 7","  4.1"," 7","  3.3"," 7"," 12.0","999.9","  87.1","*","  79.5"," "," 0.00","A","999.9","000000"
"96745099999","2016-12-08","-6.1833333","106.8333333","8.0","JAKARTA OBSERVATORY, ID","  82.6"," 8","  74.0"," 8","1007.7"," 8","007.2"," 8","  4.0"," 8","  4.0"," 8","  7.0","999.9","  90.0"," ","  78.4","*"," 0.58","B","999.9","010000"
"96745099999","2016-12-09","-6.1833333","106.8333333","8.0","JAKARTA OBSERVATORY, ID","  85.9"," 7","  73.8"," 7","1007.5"," 7","007.0"," 7","  4.3"," 7","  4.5"," 7","  7.0","999.9","  91.4"," ","  77.4"," "," 0.00","I","999.9","000000"
"96745099999","2016-12-10","-6.1833333","106.8333333","8.0","JAKARTA OBSERVATORY, ID","  85.6"," 8","  74.3"," 8","1008.1"," 8","007.6"," 8","  4.3"," 8","  3.8"," 8","  7.0","999.9","  93.9"," ","  80.6"," "," 0.00","I","999.9","000000"
"96745099999","2016-12-11","-6.1833333","106.8333333","8.0","JAKARTA OBSERVATORY, ID","  80.6"," 8","  74.2"," 8","1009.3"," 8","008.8"," 8","  4.0"," 8","  2.5"," 8","  9.9","999.9","  87.8"," ","  77.7","*"," 0.01","A","999.9","010010"
"96745099999","2016-12-12","-6.1833333","106.8333333","8.0","JAKARTA OBSERVATORY, ID","  82.0"," 8","  72.6"," 8","1009.6"," 8","009.1"," 8","  4.2"," 8","  4.1"," 8","  6.0","999.9","  87.1"," ","  77.4"," "," 0.00","I","999.9","000000"
"96745099999","2016-12-13","-6.1833333","106.8333333","8.0","JAKARTA OBSERVATORY, ID","  85.2"," 8","  73.8"," 8","1009.5"," 8","009.0"," 8","  4.0"," 8","  3.9"," 8","  7.0","999.9","  93.2"," ","  81.0","*"," 0.00","I","999.9","000000"
"96745099999","2016-12-14","-6.1833333","106.8333333","8.0","JAKARTA OBSERVATORY, ID","  81.3"," 8","  72.8"," 8","1009.9"," 8","009.4"," 8","  4.0"," 8","  3.6"," 8","  8.0","999.9","  87.1"," ","  77.9","*"," 0.04","A","999.9","010000"
"96745099999","2016-12-15","-6.1833333","106.8333333","8.0","JAKARTA OBSERVATORY, ID","  83.9"," 8","  72.5"," 8","1009.8"," 8","009.3"," 8","  4.1"," 8","  5.4"," 8","  8.0","999.9","  91.4"," ","  77.7"," "," 0.00","I","999.9","000000"
"96745099999","2016-12-16","-6.1833333","106.8333333","8.0","JAKARTA OBSERVATORY, ID","  84.7"," 8","  73.8"," 8","1009.2"," 8","008.8"," 8","  3.9"," 8","  5.4"," 8","  8.0","999.9","  90.0"," ","  80.1"," "," 0.00","I","999.9","000000"
"96745099999","2016-12-17","-6.1833333","106.8333333","8.0","JAKARTA OBSERVATORY, ID","  81.4"," 8","  75.2"," 8","1009.5"," 8","009.0"," 8","  4.1"," 8","  2.3"," 8","  6.0","999.9","  86.4"," ","  79.2","*"," 0.28","C","999.9","010000"
"96745099999","2016-12-18","-6.1833333","106.8333333","8.0","JAKARTA OBSERVATORY, ID","  84.1"," 8","  73.8"," 8","1009.0"," 8","008.5"," 8","  4.2"," 8","  4.9"," 8","  6.0","999.9","  89.6","*","  78.8"," "," 0.00","I","999.9","000000"
"96745099999","2016-12-19","-6.1833333","106.8333333","8.0","JAKARTA OBSERVATORY, ID","  82.6"," 8","  74.1"," 8","1008.8"," 8","008.4"," 8","  4.0"," 8","  4.9"," 8","  9.9","999.9","  88.5"," ","  79.5"," "," 0.05","B","999.9","010000"
"96745099999","2016-12-20","-6.1833333","106.8333333","8.0","JAKARTA OBSERVATORY, ID","  84.9"," 8","  72.5"," 8","1007.8"," 8","007.4"," 8","  4.3"," 8","  9.1"," 8"," 14.0","999.9","  93.2"," ","  79.5"," "," 0.00","I","999.9","000000"
"96745099999","2016-12-21","-6.1833333","106.8333333","8.0","JAKARTA OBSERVATORY, ID","  83.9"," 8","  74.4"," 8","1008.7"," 8","008.2"," 8","  4.2"," 8","  5.8"," 8","  9.9","999.9","  90.3"," ","  79.9"," "," 0.02","A","999.9","000000"
"96745099999","2016-12-22","-6.1833333","106.8333333","8.0","JAKARTA OBSERVATORY, ID","  83.2"," 8","  74.1"," 8","1008.1"," 8","007.6"," 8","  4.0"," 8","  5.4"," 8","  7.0","999.9","  89.6"," ","  79.5"," "," 0.02","A","999.9","000000"
"96745099999","2016-12-23","-6.1833333","106.8333333","8.0","JAKARTA OBSERVATORY, ID","  84.0"," 8","  74.1"," 8","1007.4"," 8","006.9"," 8","  4.1"," 8","  6.7"," 8","  9.9","999.9","  91.8"," ","  78.1"," "," 0.00","I","999.9","000000"
"96745099999","2016-12-24","-6.1833333","106.8333333","8.0","JAKARTA OBSERVATORY, ID","  83.7"," 8","  73.3"," 8","1007.8"," 8","007.3"," 8","  4.3"," 8","  5.9"," 8","  8.9","999.9","  90.0"," ","  79.9","*"," 0.00","I","999.9","000000"
"96745099999","2016-12-25","-6.1833333","106.8333333","8.0","JAKARTA OBSERVATORY, ID","  83.0"," 8","  73.7"," 8","1009.1"," 8","008.6"," 8","  4.2"," 8","  2.4"," 8","  5.1","999.9","  90.3"," ","  79.5"," "," 0.00","B","999.9","010000"
"96745099999","2016-12-26","-6.1833333","106.8333333","8.0","JAKARTA OBSERVATORY, ID","  83.4"," 8","  74.6"," 8","1008.4"," 8","007.9"," 8","  4.1"," 8","  5.1"," 8","  9.9","999.9","  88.5"," ","  78.4","*"," 0.28","A","999.9","010000"
"96745099999","2016-12-27","-6.1833333","106.8333333","8.0","JAKARTA OBSERVATORY, ID","  82.7"," 8","  72.1"," 8","1008.7"," 8","008.2"," 8","  4.3"," 8","  4.0"," 8","  8.0","999.9","  88.9"," ","  78.8"," "," 0.00","I","999.9","000000"
"96745099999","2016-12-28","-6.1833333","106.8333333","8.0","JAKARTA OBSERVATORY, ID","  84.6"," 8","  72.6"," 8","1009.0"," 8","008.5"," 8","  4.0"," 8","  4.8"," 8","  6.0","999.9","  91.4"," ","  77.0"," "," 0.00","I","999.9","000000"
"96745099999","2016-12-29","-6.1833333","106.8333333","8.0","JAKARTA OBSERVATORY, ID","  83.5"," 8","  74.3"," 8","1009.4"," 8","008.9"," 8","  4.3"," 8","  4.7"," 8","  8.0","999.9","  87.8"," ","  80.6"," "," 0.00","I","999.9","000000"
"96745099999","2016-12-30","-6.1833333","106.8333333","8.0","JAKARTA OBSERVATORY, ID","  83.9"," 8","  74.5"," 8","1009.4"," 8","008.9"," 8","  4.2"," 8","  3.6"," 8","  9.9","999.9","  88.9"," ","  80.1"," "," 0.00","I","999.9","000000"
"96745099999","2016-12-31","-6.1833333","106.8333333","8.0","JAKARTA OBSERVATORY, ID","  85.3"," 8","  73.1"," 8","1008.4"," 8","007.9"," 8","  4.3"," 8","  4.4"," 8","  8.0","999.9","  91.4"," ","  77.0"," "," 0.01","A","999.9","000000"
